[
  {
    "Id": "901ef8d9-a3b9-4501-b84f-cbfe081f2d6b",
    "Visible": false,
    "WriterName": "Vesper",
    "Account": "einalem58",
    "Title": "Horoscope 2/2",
    "Content": "\n\r\n\r\n\r\n\r",
    "DateCreated": "2024-07-14T23:16:56.9339126-04:00"
  },
  {
    "Id": "11437ccf-5718-4396-a8dd-2ae3712cabd5",
    "Visible": false,
    "WriterName": "Vesper",
    "Account": "einalem58",
    "Title": "Horoscope",
    "Content": "Kraken du Printemps Prenez le temps de vous concentrer à prendre soins de vous, votre créativité et installer une stabilité dans votre vie. Chance: 3/5 Amour: 2/5 Couleur du mois: Rouge fraise\n\r\n\rDragon d'Été Curiosité et connaissance pour vous. N'hésitez pas à prendre des actions courageuse, poursuivre de nouvelles idées ou chercher de nouvelles expériences Chance: 4/5 Amour: 3/5 Couleur du mois: Bleu Clair\n\r\n\rKirin d'Automne Le cycle de la vie est en votre faveur. Ayez confiance en vos instincts, navigez l'inconnue et explorer vos émotions. Chance: 5/5 Amour: 2/5 Couleur du mois: Vert Herbe\n\r\n\rLicorne d'Hiver Appréciez ce que vous avez, profitez du fruit de vos efforts. Essayez de vous intégrer dans la communauté et faites de nouvelles connections personnelles. Chance: 2/5 Amour: 4/5 Couleur du mois: Blanc Pur\n\r\n\r\n\r\n\r",
    "DateCreated": "2024-07-22T20:15:53.144633-04:00"
  },
  {
    "Id": "95c6c471-dc5c-4e77-882d-a95c1ca84912",
    "Visible": true,
    "WriterName": "Vesper",
    "Account": "einalem58",
    "Title": "L'esclave du Klyx Vol 1.",
    "Content": "Lucinda: Certainement pas, bon monsieur! Je ne suis ici que pour nettoyer votre chambre. // Mario El Agil: Et 'est tout ce qué tou est venoue faire ici, pétite? Mé chambré? \n\r\n\rLucinda: Je n'ai aucune idée de ce que vous voulez dire, maître. Je ne suis qu'une pauvre esclave femme de chambre. // Mario El Agil: Hey si ma douce. Et tou ai trés bonne! Avec té longue jambe et té long cheveux. \n\r\n\rLucinda: Vous me gênez, monsieur! // Mario El Agil: N'ai peur, tou es en sécurité avec moié. // Lucinda: Je dois terminer de frotter, monsieur. La maîtresse aura ma tête si je ne termine pas. \n\r\n\rMario El Agil: Frotter, hm? J'ai quelqué chose pour toé. Tien, polie ma lance. // Lucinda: Mais elle est si grosse! Ça me prendra toute la nuit! // Mario El Agil: On a lé temps, ma bella. Beaucoup de temps. \n\r\n\r\n\r\n\r\n\r\n\r\n\r\n\r\n\r\n\r",
    "DateCreated": "2024-07-15T16:02:05.641407-04:00"
  },
  {
    "Id": "ff83330c-6d85-48eb-8475-ae91c3176689",
    "Visible": false,
    "WriterName": "Vesper",
    "Account": "einalem58",
    "Title": "Avis de recherche",
    "Content": "Un homme Kroise semble manquer à l'appel. L'homme aux cheveux roux se prénomme Kallias. Sa demi-soeur s'inquiète fortement de son sort et leur père commun serait malade et mourrant.\n\r\n\rSi retrouvé, veuillez l'aviser que sa demi-soeur, Octavie Aelius Septim, le recherche\n\r\n\r",
    "DateCreated": "2024-08-19T13:47:46.356334-04:00"
  },
  {
    "Id": "b4c47dc8-cba6-4a9b-b23b-9b15af82b09b",
    "Visible": true,
    "WriterName": "Octavie Aelius Septim",
    "Account": "Tamaman",
    "Title": "Des parents troublés",
    "Content": "Ah, les noms d'aujourd'hui ! Jadis simples et significatifs, ils sont maintenant des puzzles linguistiques absurdes ou des mots de la vie courante.\n\r\n\rDans mon bon vieux temps, un nom avait une histoire, une tradition.\n\r\n\rOù est passé le bon sens ? Pourquoi les parents détestent ainsi leurs enfants? C'est une question sans réponse.",
    "DateCreated": "2024-07-19T19:26:37.0196139-04:00"
  },
  {
    "Id": "b5018f83-c260-49bb-bfda-090ccce8b975",
    "Visible": false,
    "WriterName": "Vesper",
    "Account": "einalem58",
    "Title": "Horoscope Volume 2",
    "Content": "Kraken du Printemps:  Ayez foi en votre futur et confiance que les choses iront positivement. Trouvez inspiration en vous et rester fier de vos croyances Chance: 5/5 Amour: 3/5 Couleur du mois: Bleu Indigo\n\r\n\rDragon d'Été:  Prenez charge de votre vie et établissez des limites claires. Visez des roles de dirigeant et prenez confiances en vos décisions. Chance: 3/5 Amour: 2/5 Couleur du mois: Rose Corail\n\r\n\rKirin d'Automne:  Prenez le temps d'explorer votre moi interieur, de prier les dieux et d'écouter vos rêves. Mystère et connaissance caché de trouve devant vous. Chance: 4/5 Amour: 3/5 Couleur du mois: Turquoise\n\r\n\rLicorne d'Hiver:  Prenez control de ce qui se passe et utilisez votre force intérieur pour obtenir le succès. Discipline, confiance et être assuré de soi vous aiderons dans vos ambitions. Chance: 2/5 Amour: 4/5 Couleur du mois: Brun maron\n\r\n\r\n\r\n\r",
    "DateCreated": "2024-07-30T08:13:03.475116-04:00"
  },
  {
    "Id": "0e4e0d6a-c069-49d7-834d-0663c4a9f58f",
    "Visible": true,
    "WriterName": "Octavie A.S.",
    "Account": "Tamaman",
    "Title": "Notre relation aux esclaves",
    "Content": "Vous ne trouvez pas que les relations entre maîtres et esclaves sont marquées par une ambiguïté complexe? Bien que les esclaves soient souvent considérés comme des biens possédés, la réalité semble parfois nuancée.\n\r\n\rCertains maîtres semblent considérer leurs esclaves comme une partie d'eux même, leur accordant plus d'importance, leur trouvant donc... Une valeur sentimentale.\n\r\n\rIls diront que c'est parce qu'il s'agit de leur bien, mais c'est de la bouillie pour les chats, c'est qu'ils finissent par s'attacher à cet ami qui ne peut se sauver. ",
    "DateCreated": "2024-07-23T20:50:05.6024752-04:00"
  },
  {
    "Id": "e1b73c65-2086-4e54-a78f-7d5cbbe5eec1",
    "Visible": true,
    "WriterName": "Octavie A.S.",
    "Account": "Tamaman",
    "Title": "Rappel à tous",
    "Content": "Toutes ces nominations m'amène à vous rappeler quelque chose que beaucoup pourraient oublier ces jours-ci : un titre de civénien n'est pas beaucoup plus élevé qu'un titre d'esclave. Oui, je sais, cela peut sembler amer à vos oreilles jeune\n\r\n\rÊtre un civénien peut signifier des privilèges, oui, mais cela ne vous rend pas supérieur. Cela ne vous rend pas meilleur que ceux qui n'ont pas ce titre.\n\r\n\rSouvent, cela ne signifie rien de plus que vous avez rempli certaines cases sur un formulaire ou que vous êtes né dans le bon endroit au bon moment. Je dis cela non pour vous décourager, mais pour vous rappeler de rester sur terre.  ",
    "DateCreated": "2024-07-25T21:54:59.9648804-04:00"
  },
  {
    "Id": "29bd67aa-806d-4623-ad64-d83c04d9dbd4",
    "Visible": false,
    "WriterName": "Vesper",
    "Account": "einalem58",
    "Title": "Horoscope Vol. 3",
    "Content": "Kraken du Printemps:  Prenez votre chance, embrassez l'inconnue avec un coeur ouvert et l'esprit clair car c'est le moment pour un nouveau commencement. Ecoutez votre sense de l'Aventure. Chance:  5/5 Amour:  4/5 Couleur du mois: Turquoise\n\r\n\rDragon d'Été:  Faites confiance à votre voix intérieur et regarder au-delà des apparences pour trouver les vérités caché. Patience et réflection vous urge de chercher la sagesse depuis votre moi intérieur. Chance: 3/5 Amour: 2/5 Couleur du\n\r\n\rKirin d'Automne:  Vous avez tout les outils pour tourner vos idées en réalité. Paufinez vos talents, focussez votre énergie et prenez action vers vos buts Chance: 4/5 Amour: 2/5 Couleur du mois: Vert emeraude\n\r\n\rLicorne d'Hiver:  Temps de croissance, fertilité et prosperité devant vous. Embrassez vos talents et profitez des plaisirs de la vie, la créativité et la beauté qui vous entoure. Chance: 1/5 Amour: 3/5 Couleur du mois: bleu sapphire \n\r\n\r\n\r\n\r",
    "DateCreated": "2024-08-05T11:06:22.9387517-04:00"
  },
  {
    "Id": "b2fc9f98-dc77-4f35-a2d0-ad6525e8fc74",
    "Visible": false,
    "WriterName": "Octavie A.S.",
    "Account": "Tamaman",
    "Title": "Karge ou Barge?",
    "Content": "Les Karges, un peuple... mystifiant. Je ne suis toujours pas capable de déterminer si leur obsession pour la magie et les énigmes sont le symptôme d'une dérive mentale ou bien une r\n\r\n\rLeur savoir ésotérique est souvent le reflet de leur propre confusion. Il s'égarent dans leurs idées et ne remettent pas toujours en doute leurs visions. Il est difficile de ne pas se demander ce que cela cache réellement lorsqu'ils parlen\n\r\n\rEn vénérant ce dieu par le biais de rituels, ne risquent-ils pas de légitimer des comportements destructeurs et amoraux? L'adoration de Zox, axée sur la souffrance et la rancune pourrait-elle encourager des actions néfastes et une moralité",
    "DateCreated": "2024-07-30T18:02:15.6638981-04:00"
  },
  {
    "Id": "cdf7f9b0-e702-4181-8f25-54bccb5cd597",
    "Visible": false,
    "WriterName": "Octavie A.S.",
    "Account": "Tamaman",
    "Title": "Le labyrinthe est fait pour se perdre",
    "Content": "Karge ou Barge? Je ne suis toujours pas capable de déterminer, après cinquante ans d'existence, si leur obsession pour la magie et les énigmes sont le symptôme d'une dérive mentale ou bien une réelle sagesse qui m'échappe.\n\r\n\rLeur savoir ésotérique est souvent le reflet de leur propre confusion. Ils s'égarent dans leurs idées et ne remettent pas toujours en doute leurs visions. Il est difficile de savoir ce que cela cache réellement lorsqu'ils démontrent leur f\n\r\n\rEn vénérant ce dieu par le biais de rituels, ne risquent-ils pas de légitimer des comportements destructeurs et amoraux dans la société ? Cette fascination pour Zox pourrait-elle encourager des actions néfastes et une moralité déviante? Je\n\r\n\r\n\r\n\r\n\r\n\r",
    "DateCreated": "2024-07-30T18:20:05.5199157-04:00"
  },
  {
    "Id": "590c17dd-2774-4daa-8c09-be372b559111",
    "Visible": true,
    "WriterName": "Octavie A.S.",
    "Account": "Tamaman",
    "Title": "Karge ou Barge?",
    "Content": "Le labyrinthe est fait pour se perdre.\n\r\n\rLes Karges. Je ne suis toujours pas capable de déterminer, après cinquante ans d'existence, si leur obsession pour la magie et les énigmes sont le symptôme d'une dérive mentale ou bien une réelle sagesse qui m'échappe. \n\r\n\rLeur savoir ésotérique est souvent le reflet de leur propre confusion. Ils s'égarent dans leurs idées et ne remettent pas toujours en doute leurs visions.\n\r\n\rIl est difficile de savoir ce que cela cache réellement lorsqu'ils démontrent leur ferveur pour Zox.\n\r\n\rEn vénérant ce dieu par le biais de rituels, ne risquent-ils pas de légitimer des comportements destructeurs et amoraux dans la société ?\n\r\n\rCette fascination pour Zox pourrait-elle encourager des actions néfastes et une moralité déviante? Je pose la question.",
    "DateCreated": "2024-07-30T21:05:09.8317335-04:00"
  },
  {
    "Id": "02f29b9a-2e03-409c-825a-469d8df983c0",
    "Visible": true,
    "WriterName": "Octavie A.S.",
    "Account": "Tamaman",
    "Title": "Esclave ou Pérégrine?",
    "Content": "Et si vous étiez le prochain dans l'arène?\n\r\n\rLes spectateurs du fameux tournois des gladiateurs ont eu droit à un spectacle qui a suscité chez moi moult questions. L'Esclave et les serpents sur fond de Rat magicien. \n\r\n\rLes termes étaient clairs. Si elle survivait, l'esclave gagnait sa liberté. Mais ce que vous ne réalisez pas, c'est qu'en réalité, celui qui prétendait pouvoir la libérer n’avait en fait aucun pouvoir véritable pour le faire.\n\r\n\rLa prétendue liberté n'était qu'une illusion fragile, un leurre dans le grand théâtre des apparences. Le destin de l'esclave, bien que scellé par des promesses, demeurait pris au piège des jeux cruels du pouvoir et de la fatalité. \n\r\n\rDaeglan MacTavish, l'organisateur du tournois, est un pérégrin. Bien sur, il reste encore la possibilité que cette esclave était la possession de quelqu'un au status plus élevé. \n\r\n\rPar contre, n'est-ce pas ironique que quelqu'un qui n'a pas beaucoup plus de protection de l'état se régale avec exaltation de la mort de quelqu'un qui avec techniquement le même status social? ",
    "DateCreated": "2024-08-03T21:40:04.037851-04:00"
  },
  {
    "Id": "0593a27e-c736-4ee0-a6ed-7d094719a1b0",
    "Visible": false,
    "WriterName": "Vesper",
    "Account": "einalem58",
    "Title": "Horoscope Vol. 4",
    "Content": "Kraken du Printemps:  Temps de guérison et de renouveau, Ayez foie en le futur et confiance en l'univers. Paix et calme vous guideront vers vos aspirations et rêves. Chance:  2/5 Amour:  4/5 Couleur du mois: Rouge cramoisie\n\r\n\rDragon d'Été:  Les aléas de votre vie suggère un changement inévitable. Embrassez le courrant de la vie, reconnaissez que toute fin apporte un nouveau commencement et que toute chose arrivent pour une raison. Chance: 2/5 Amour: 2/5 Couleur\n\r\n\rKirin d'Automne:  Période de reflection intérieur et d'exploration de soi. Cherchez votre propre véritée en prenant du temps loin des distractions et focussez sur votre guide intérieur. Chance: 3/5 Amour: 1/5 Couleur du mois: Bleu Sarcelle\n\r\n\rLicorne d'Hiver:  Moment de connection profonce avec quelqu'un d'autre, que ce soit platonique ou romantique. Prenez conscience de l'importance de la communication et du respect mutuel. Des décisions significative nécessiterons une considé\n\r\n\rChance: 4/5 Amour: 5/5 Couleur du mois: Vert-Jaune\n\r\n\r",
    "DateCreated": "2024-08-12T19:52:35.8924757-04:00"
  },
  {
    "Id": "c9bf5dc4-eeaf-494a-a072-22c5e48018eb",
    "Visible": false,
    "WriterName": "Vesper",
    "Account": "einalem58",
    "Title": "Horoscope Vol. 5",
    "Content": "Kraken du Printemps:  Avec concentration et confiance, vous vaincrez vos obstacles et atteindrez vos buts. Prenez control de votre chemain, trouvez votre force intérieur et poussez vers l'avant avec détermination Chance:  5/5 Amour:  4/5 \n\r\n\rCouleur du mois: Rose Corail\n\r\n\rDragon d'Été:  Temps de grande énergie, joie et accomplissement vous encourageant a embrasser la chaleur de la lumière dans votre vie et vos réussites. Chance: 3/5 Amour: 4/5 Couleur du mois: Amethyste\n\r\n\rKirin d'Automne:  Dérangement qui secoueront les fondations de votre vie mais apporteront aussi une opportunité de croissance et de nouvelle perspective. Embrassez le changement, même si difficile, car cela peu mener a une grande transform\n\r\n\rChance: 2/5 Amour: 2/5 Couleur du mois: Bleu Minuit\n\r\n\rLicorne d'Hiver:  Temps de réflection et d'auto-évalutation: Vos actions passées sont révisées et de nouvel perspective sont gagnées. Ecoutez votre voie intérieur, faite la paix ou requis et embrassez un nouveau départ avec une conscience \n\r\n\rChance: 2/5 Amour: 1/5 Couleur du mois: Ambre\n\r\n\r\n\r\n\r",
    "DateCreated": "2024-08-19T13:47:36.4798665-04:00"
  },
  {
    "Id": "75d8a2be-ccba-4458-8f48-ff3f2b3005de",
    "Visible": true,
    "WriterName": "Vesper",
    "Account": "einalem58",
    "Title": " L'esclave du Klyx volume 2 ",
    "Content": "Lucinda: On bon sens, quelle grosse baguette! Comment pourrais-je la mettre entière dans mon four?\n\r\n\rMario El Agil: La baguette né pas encore prête à être couite, ma bella. La pâte né pas encore levée \n\r\n\rLucinda: Il vas falloir s'y mettre promptement alors. Comment pourrais-je avancer cette tâche rapidement? \n\r\n\rMario El Agil: Ah mé sotte esclave, tou doua prendre tés mains. \n\r\n\rLucinda: Vous souhaitez que je pétrisse la pâte? Ici? \n\r\n\rMario El Agil: Oh que si! \n\r\n\rLucinda: Mais et si la maîtresse me voyais faire? Votre baguette est réservée pour son appétie seule. \n\r\n\rMario El Agil: Ne t'inquiéte pas, mé délicate fleur. Yé comblerai aussi son désire plous tard. \n\r\n\rLucinda: Alors soite, mais j'ai bien peur que mon four ne soit pas suffisamment réchauffé. Ça pourrais prendre des heures! \n\r\n\rMario El Agil: On a lé temps, ma bella. Beaucoup de temps.. \n\r\n\r\n\r\n\r",
    "DateCreated": "2024-08-12T20:04:15.3160674-04:00"
  },
  {
    "Id": "85bf8857-e403-47fc-be69-f67f552f7649",
    "Visible": true,
    "WriterName": "Octavie A.S.",
    "Account": "Tamaman",
    "Title": "Oyez Oyez - Mortier et Pilona",
    "Content": "Edouardo Carlosa vous fait sa meilleure offre!                                             -----------------------------------------------          \n\r\n\rChers Senors et senoritas, Mortier et Pilona a agrandi sa production de potions à des prix concurrentiels.\n\r\n\rQue ce soit des potions de soins, d'antidotes ou de vision de nuit, vous serez fourni en potions de qualité.\n\r\n\rÉgalemet, Eduardo Carlosa offre des consultations médicales de base au prix de 150 $. Que ce soit pour traiter la maladie, assurer un suivi, un massage ou une thérapie, votre médecin de famille vous traitera aux petits oignons ! \n\r\n\rContactez-le pour prendre rendez-vous.\n\r\n\r",
    "DateCreated": "2024-08-12T21:20:23.5361463-04:00"
  },
  {
    "Id": "69b6d415-d16d-4286-b156-6d029a56e68a",
    "Visible": true,
    "WriterName": "Octavie A.S.",
    "Account": "Tamaman",
    "Title": "D'esclave à pérégrin?",
    "Content": "Dans cette société où les classes sociales occupent une grande part de nos vies, une question taraude mon esprit : quels sont les critères pour qu'un esclave devienne pérégrin?\n\r\n\rTous mes informateurs ont été incapables de me répondre alors que cette possibilité devrait à mon sens être la motivation première de leur existence.\n\r\n\rMalheureusement, les exigences semblent aussi floues que décourageantes, plus conçues pour maintenir les barrières sociales que pour offrir une véritable opportunité de changement.\n\r\n\rIl me semble important de soulever  cette question. Ce n'est pas sans crainte de choquer ceux aux  positions sociales plus élevées, mais un de ceux là m'a dit que le secret de son succès était son hardiesse, ainsi je prends le risque.\n\r\n\rEst-ce qu'il pourrait être bénéfique pour tous si les critères étaient clairement définis, permettant ainsi aux esclaves de savoir exactement ce qu'ils doivent accomplir pour aspirer à un statut de pérégrins et ainsi gravir les échelons?\n\r\n\rPensez-y et voyez plus loin que le bout de votre nez.",
    "DateCreated": "2024-08-13T22:34:47.8687732-04:00"
  },
  {
    "Id": "65363ac0-c9d8-4488-8ca6-f79c29a1620c",
    "Visible": true,
    "WriterName": "Camilla de Crux",
    "Account": "Tamaman",
    "Title": "Que fait ta Légion?",
    "Content": "Laissez moi vous racontez une petite blague.\n\r\n\rC'est l'histoire d'un homme qui veut rentrer dans la légion, mais qui finalement entre dans la décurion. En plus d'expliquer le recrutement en baisse, ceci expliquerait l'ascension rapide de cette femme au sien des Aigles d'or.\n\r\n\rIl a été porté à l'attention de mes informateurs, divers et variés, que la Décurion Lucillia Lucretius émoustillerait et séduirait de nombreux légionnaires afin de parvenir à ses fins.\n\r\n\rVéritable croqueuse d'hommes, son affiliation à son amant Kostas Lias, ne serait en réalité qu'une manière de se propulser sociétalement. Sait-il qu'elle joue le même petit jeu que lui au niveau de la fidélité? Il baiserait son esclave.\n\r\n\rOn remarque également que la décurion porte beaucoup moins sa cape, comme si elle était confortablement assise sur ses lauriers.\n\r\n\rLa décurion aurait de plus été vue sur la terrasse d'un certain Windar, avec qui elle aurait eu des démêlés. Ils auraient ensuite disparus dans une chambre et des bruits d'ébats auraient été entendus.\n\r\n\rEst-ce la une manière de se racheter pour toutes les misères qu'elle lui a fait?\n\r\n\rAllez savoir....\n\r\n\r",
    "DateCreated": "2024-08-18T23:45:04.8551887-04:00"
  },
  {
    "Id": "1cca976e-8d78-4172-b7f2-5403564f546d",
    "Visible": false,
    "WriterName": "Vesper",
    "Account": "einalem58",
    "Title": "Horoscope Vol. 6",
    "Content": "Kraken du Printemps:  Prenez un temps de recul et regardez la situation d'un angle différent. Laissez allez vos vieilles habitudes et embrassez une période d'attente et d'incertitude comme un temps de croissance et d'analyse de soi. \n\r\n\rChance:  2/5 Amour:  1/5 Couleur du mois: Bleu céruléen \n\r\n\rDragon d'Été:  Vous êtes contrôlé par vos désirs, vos peurs et vos attachements toxiques. Affrontez ses épreuves, reconnaissez là ou vous avez du pouvoir et marchez vers la liberté de soi. Chance: 1/5 Amour: 2/5 Couleur du mois: Indigo\n\r\n\rKirin d'Automne:  Les choses ne sont pas telle qu'elles le semblent. Ayez confiance en votre instint et naviguez les zones d'ombres pour trouver la clairetée et la véritée. Chance: 3/5 Amour: 2/5 Couleur du mois: Peche\n\r\n\rLicorne d'Hiver:  Trouvez le chemin central et créez un équilibre dans votre vie. Patience, contrôle de soi et l'équilibre entre les différents éléments vous mèneront sur le chemin de la paix et de l'accomplissement de soi Chance: 4/5 Amou\n\r\n\rCouleur du mois: Vert menthe",
    "DateCreated": "2024-08-26T14:06:09.2923674-04:00"
  },
  {
    "Id": "9482ff14-f2c9-4f21-ab57-beb9818576cd",
    "Visible": true,
    "WriterName": "Vesper",
    "Account": "einalem58",
    "Title": "La Vérité sur La Décurion",
    "Content": "Femme d'excellence, elle n'a démontré que compétence et ingéniosité au sein de la légion depuis son arrivée en tant que recrue. \n\r\n\rLe centurion ayant rapidement pu voir son talent innée pour ses compétences de dirigeante, de documentation et d'analyse rapide d'une situation vinrent la porté rapidement au titre amplement mérité de décurion. \n\r\n\rLa Légate elle-même fait louanges des prouesses de cette femme.\n\r\n\rLa majorité des citoyens ne font que supporté et apprécier cette protectrice du peuple et ne sont point ébranlé par les médisances d'imbéciles illettrés vue la réputation brillante de Lucillia Lucretius.\n\r\n\rLes légionnaires eux-mêmes expriment que la Décurion se dresse tel un mur devant l'ennemi pour protégé les autres, mentionnant a quel point ses ordres sur le champ de bataille sont utiles. \n\r\n\r Il n'existe aucun manuel pour apprendre a se sortir des situation épineuses qui nous font face et la légionnaire prend les meilleures décisions son expérience.\n\r\n\rSon tact, son grand désire d'implication au sein de la Légion de l'aide d'Or et son ambition nous démontre une femme dévouée sans borne pour la gloire de notre Saint-Empire. Son titre d'équite n'est que preuve de sa valeur au sein des nôtr\n\r\n\rBien qu'elle sache parfaitement se battre et est une guerrière redoutable, elle partage aussi son expertise avec les autres légionnaires, augmentant le talent de notre armée significativement.\n\r\n\rLa décurion nous inspire fidélité et nous fait ressentir comme une grande famille. \n\r\n\rSuites aux attaques gratuite contre l'une des nôtres nous inspire a éprouver compassion, mais aussi notre détermination a vouloir, a notre tour, nous tenir comme un mur devant elle pour lui prouver qu'elle n'est pas seule dans l'adversité.\n\r\n\rHonneur, Courage, Loyauté, Respect, Obéissance, Effort, Dignité, Unité, Humilité. Voilà ce qui nous amènera à la Victoire assurant Gloire et Prestige à l’Empire.\n\r\n\r",
    "DateCreated": "2024-08-20T12:09:14.5500261-04:00"
  },
  {
    "Id": "09cd0926-fb9b-4f52-a740-a3b1a04a4109",
    "Visible": true,
    "WriterName": "Camilla de Crux",
    "Account": "Lix",
    "Title": "Que fait ton Magistrat",
    "Content": "Gnaeus Sergius, magistrat à la retraite et fervent Korain, est récemment revenu sur le devant de la scène à la suite d'un geste philanthrope. Bien que largement respecté pour sa foi inébranlable, des rumeurs obscures entourent sa réputatio\n\r\n\rCertains prétendent que Sergius n'est pas aussi irréprochable qu'il le paraît. Des voix chuchotent qu'il aurait été impliqué dans des affaires peu recommandables, allant de transactions financières douteuses aux manipulations politiques dé\n\r\n\rD'autres insinuent qu'il aurait utilisé sa position et son influence pour dissimuler des activités illégales ou des informations compromettantes. Ainsi, derrière son apparente générosité et son image de dévotion se cacheraient peut-être de\n\r\n\rCes soupçons mettent en lumière une possible dissonance entre l’apparence de pureté de Sergius et la réalité de ses actions, laissant planer des questions troublantes sur ses véritables motivations.\n\r\n\r\n\r\n\r",
    "DateCreated": "2024-08-25T18:27:07.6708722-04:00"
  },
  {
    "Id": "0d80cd0c-5afe-49e2-a6ca-807c9f46f08b",
    "Visible": false,
    "WriterName": "Vesper",
    "Account": "einalem58",
    "Title": "Horoscope Vol. 7",
    "Content": "Kraken du Printemps:  La vrai force est dans la calme détermination et le contrôle de soi. Approchez les défis avec patience et grâce, utilisez la douce force pour franchir les obstacles et montrez de la compassion envers vous et les autre\n\r\n\rChance:  4/5 Amour:  3/5 Couleur du mois: Or\n\r\n\rDragon d'Été:  Vos décisions devront être prise avec claritée et intégritée pour assurer que l'équilibre soit maintenue. Agissez avec honnêtetée et considérez tout les côté d'une situation pour mieux comprendre les conséquences d'une actio\n\r\n\rChance: 3/5 Amour: 2/5 Couleur du mois: Rose Saumon\n\r\n\rKirin d'Automne:  Fin d'un chapitre pour débuter quelque chose de nouveau. Embrassez ce changement et laissez aller ce qui ne vous sert plus pour faire place au renouveau et a la croissance. Chance: 2/5 Amour: 1/5 Couleur du mois: Mauve\n\r\n\rLicorne d'Hiver:  Vous terminez avec succès un projet ou un cheminement, menant a un sens de satisfaction et d'accomplissement. Celebrez cet accomplissement et reconnaissez le lien relier en toutes choses maintenant que vous êtes au sommet\n\r\n\rChance: 5/5 Amour: 4/5 Couleur du mois: Vert Olive\n\r\n\r\n\r\n\r",
    "DateCreated": "2024-09-02T14:01:59.234812-04:00"
  },
  {
    "Id": "b6784145-dad5-4968-ab38-5639a9423ab0",
    "Visible": false,
    "WriterName": "Vesper Muhadib",
    "Account": "einalem58",
    "Title": "Horoscope Vol. 8",
    "Content": "Kraken du Printemps:  Cherchez guidance auprès de quelqu'un de confiance, suivez les routes déjà établient et explorez des sens plus profonds aux choses habituelles. Chance:  4/5 Amour:  4/5 Couleur du mois: Bleu Cobalt\n\r\n\rDragon d'Été:  Prenez contrôle, établissez l'ordre et dirigez avec confiance. Soyez assuré, prenez des décisions avec claritée et construisez une solide fondation pour votre futur. Chance: 5/5 Amour: 3/5 Couleur du mois: Prune\n\r\n\rKirin d'Automne:  Embrassez l'inconnu avec un coeur et un esprit ouvert. Ayez confiance en le chemin a venir et prenez des risques pour découvrir de nouvelles possibilités Chance: 3/5 Amour: 5/5 Couleur du mois: Bleu océan\n\r\n\rLicorne d'Hiver:  Vous avez tous les outils et ressources pour rendre vos idées en réalité. Exploitez vos talents, focussez votre énergie et agissez envers vos buts avec confiance. Chance: 4/5 Amour: 3/5 Couleur du mois: Orange Brulé\n\r\n\r\n\r\n\r",
    "DateCreated": "2024-09-10T13:13:56.3718349-04:00"
  },
  {
    "Id": "5317001b-6ebf-48b8-ba06-d703392cfa56",
    "Visible": true,
    "WriterName": "Vesper Muhadib",
    "Account": "einalem58",
    "Title": "L'esclave du Klyx volume 3",
    "Content": "Lucinda: Mais ce livre ne rentreras jamais dans l'espace qui reste, il es bien trop gros! \n\r\n\rMario El Agil: Mais si voyons, pousse oune peu et ça rentréras.\n\r\n\rLucinda: Et si la bibliothèque rompt sous le poid? La maitresse me blâmera!\n\r\n\rMario El Agil: Alors retire cé autre livre et mé lé dans lé trou pluus bas, ça féras dé l'espace.\n\r\n\rLucinda: Oh, ça fait tout drôle.. vous ne trouvez pas un peu bizzard? \n\r\n\rMario El Agil: Mais no, ma doucé bella. Tou vas beaucoup apprécier lé résoultat.\n\r\n\rLucinda: Mon seigneur, la tablette grince sous le poid, il faudra mettre ce gros livre plus bas.\n\r\n\rMario El Agil: Alors récommençons dou début.\n\r\n\rLucinda: Mais il faut finir avant le matin! La maitresse sera furieuse!\n\r\n\rMario El Agil: On a lé temps, ma bella. Beaucoup de temps..\n\r\n\r\n\r\n\r",
    "DateCreated": "2024-09-06T12:22:46.301396-04:00"
  },
  {
    "Id": "3b693d26-bf65-46b3-9643-7e56153b1025",
    "Visible": true,
    "WriterName": "Octavie A.S.",
    "Account": "Tamaman",
    "Title": "Réflexion d'une vieille pie #1",
    "Content": "Je me faisais la réflexion suivante...\n\r\n\rCertains y verront peut-être de la provocation, mais il ne s'agit que d'un trait d'esprit. J'estime que tous ceux en dessous du status d'équite devrait y réfléchir sérieusement afin d'y trouver de la motivation.\n\r\n\rEn 25 ans, et même depuis plus longtemps encore, le système judiciaire n'a guère changé. Comment je vous ai déjà expliqué, le status de civénien reste si près du titre de pérégrin qu'il est difficile d'y voir là un avancement notable.\n\r\n\rUne des différences est que le pérégrin n'a aucune protection de l'état. Dans le cas d'un civénien, il recevra de la protection uniquement lors de l'agression en cours mais restera sans recours par la suite. \n\r\n\rJe vous pose donc la question suivante: Qu'arrive t-il si ceux qui doivent réagir pendant l'agression se trouvent à être les agresseurs?\n\r\n\rCeci me semble une porte grande ouverte à bien des problèmes. Tout ceci n'est qu'hypothétique naturellement, mais entre la théorie et la pratique, il n'y a souvent qu'un pas.\n\r\n\rAfin de progresser comme société, est-ce que les civéniens devraient avoir la chance de pouvoir se défendre des accusations à leur encontre? Mon status biaise sans doute mon avis, mais j'y verrais des avantages pour les sphères supérieures\n\r\n\rJe me risque à poser la question.\n\r\n\rEt vous?",
    "DateCreated": "2024-09-07T20:01:40.8353618-04:00"
  },
  {
    "Id": "6ee1f1fe-0b1b-42d1-b163-2518d80b51e2",
    "Visible": true,
    "WriterName": "Octavie A.S.",
    "Account": "Tamaman",
    "Title": "Les cours d'histoire de Mlle. Octavie",
    "Content": "Comme l'on se retrouve, Chevalier Leto.\n\r\n\rUne seconde fois, Mirage a été attaqué par un homme arrivant tout droit des tréfonds des mers d'Alverton. Son nom? Gaius Magnus Leto, le fils de feu la Magistrate Lucretia Julii Leto.\n\r\n\rAuto-proclamé Chevalier-pirate à présent, il semble avoir bien mal tourné depuis le temps de sa fulgurante et brillante carrière dans la légion d'Alverton. \n\r\n\rPour ceux qui l'ignorent, car j'ai constaté en personne que l'histoire d'Alverton, intimement reliée à celle de la création de Mirage, est méconnue. Notre Empereur Primus Vertori est l'ancien Tribun d'Alverton.\n\r\n\rÀ la mort de l'Empereur Alvertus Magnus Kadus, la magistrature d'Alverton a pris les pouvoirs ainsi qu'une succession de mauvaises décisions et ce durant une période critique de peste et famine.\n\r\n\rLa population, confuse et désapprobatrice a fini par déclencher une révolte interne lorsque le Tribun Vertori a été envoyé vers le Sud à la recherche de richesse et de nourriture pour réapprovisionner Alverton alors en perdition.\n\r\n\rLorsque la Magistrature réclama le retour du Tribun pour sa propre protection, il n'y eu pas de retour au bercail du nouveau Sudiste. La mère de Leto a été assassinée durant cette période violente et trouble.\n\r\n\rLe chevalier Leto a tenté comme il pouvait d'aider à la situation de la citée en perdition, mais en vain.\n\r\n\rLe Tribun est ensuite devenu l'Empereur Primus Vertori en posant ses bannières sur Ibsnal qu'il a renommé Mirage. Ses politiques orientées vers le bien-être du peuple et plus souples concernant la magie ont participées à son ascension.\n\r\n\rL'amertume doit à présent ronger le Pirate Leto. Il n'a plus rien à perdre, il a déjà perdu tellement. Charismatique et du genre déterminé, Gaius Magnus Leto est en capacité de rallier des gens à sa cause.\n\r\n\rC'est un ennemi redoutable, ne le sous-estimez pas.\n\r\n\r",
    "DateCreated": "2024-09-08T22:52:01.9007213-04:00"
  },
  {
    "Id": "0836179b-bf62-4e7f-85fe-519cfeed795c",
    "Visible": false,
    "WriterName": "Vesper",
    "Account": "einalem58",
    "Title": "Horoscope Vol. 9",
    "Content": "Kraken du Printemps:  Une sérinité renouveller vas vous guider vers vos rêve avec optimisme. Ayez confiance en l'univers et laisez votre lumière intérieur briller. Chance:  4/5 Amour:  3/5 Couleur du mois: Or Rose\n\r\n\rDragon d'Été:  Agissez avec amour, faites des choix qui démontre vos réel désire et cherchez l'équilibre dans vos relations. Chance: 3/5 Amour: 5/5 Couleur du mois: Jaune Curcuma\n\r\n\rKirin d'Automne:  Embrassez la lumière dans votre vie, Célébrez vos réussites et prélassez vous dans la chaleur de l'optimiste et de l'abondance Chance: 4/5 Amour: 3/5 Couleur du mois: Vert Pistache\n\r\n\rLicorne d'Hiver:  Les choses ne sont pas comme elles le semblent. Ayez confiance en votre instint, explorez votre monde interrieur et cherchez l'éclaircissement dans la réflection de soi. Chance: 2/5 Amour: 2/5 Couleur du mois: Bourgogne\n\r\n\r\n\r\n\r",
    "DateCreated": "2024-09-16T11:57:16.4059047-04:00"
  },
  {
    "Id": "02f4d06a-929d-4f51-b725-2f4be6835b32",
    "Visible": false,
    "WriterName": "Octavie",
    "Account": "Tamaman",
    "Title": "",
    "Content": "Vous ne trouvez pas que les relations entre maîtres et esclaves sont marquées par une ambiguïté complexe? Bien que les esclaves soient souvent considérés comme des biens possédés, la réalité semble parfois nuancée. Certains maîtres semblen\n\r\n\r\n\r\n\r",
    "DateCreated": "2024-09-13T22:03:34.1321833-04:00"
  },
  {
    "Id": "13fdf38e-53a9-44da-bdd8-039806462e35",
    "Visible": false,
    "WriterName": "Octavie",
    "Account": "Tamaman",
    "Title": "",
    "Content": "Vous ne trouvez pas que les relations entre maîtres et esclaves sont marquées par une ambiguïté complexe? Bien que les esclaves soient souvent considérés comme des biens possédés, la réalité semble parfois nuancée. Certains maîtres semblen\n\r\n\r\n\r\n\r",
    "DateCreated": "2024-09-13T22:03:51.5225077-04:00"
  },
  {
    "Id": "26468a2e-c9db-4e08-af8f-e18704f488b4",
    "Visible": true,
    "WriterName": "Octavie A.S.",
    "Account": "Tamaman",
    "Title": "Disparition de la Centurion Lucretius",
    "Content": "Les murs de pierre de Mirage sont à présent garnis des affiches concernant la disparition de la Centurion Lucretius, apparemment disparue depuis quelques jours, alors que le Chevalier Leto est à nos portes avec sa bande de joyeux lurons.\n\r\n\rQu'est-il advenu de la Centurion? A t-elle été capturée par l'ennemi dans un silence complet afin de dérouter la légion de l'Aigle d'Or? A t-elle finalement rejoint les rangs de notre agresseur?\n\r\n\rPeut-être s'agit-il de deux événements qui ne sont pas en lien, une malheureuse coincidence.  \n\r\n\rD'autant plus que cette fameuse ''Voix du peuple'' pourrait également être responsable de ce départ soudain. Dégoulinant de mots habituellement, le ''peuple'' ne semble subitement n'avoir plus rien à dire.\n\r\n\rEst-ce par stupéfaction ou encore par complicité? Il est encore impossible de le dire. Mais tout ceci n'est pas rassurant pour la suite.\n\r\n\rLe mystère reste entier. L'enquête ne fait que débuter. Espérons que ces questions ne restent pas sans réponse.",
    "DateCreated": "2024-09-15T18:14:21.608076-04:00"
  },
  {
    "Id": "fe683b2a-94bd-4be3-a009-62de3eee949d",
    "Visible": false,
    "WriterName": "Vesper Muhadib",
    "Account": "einalem58",
    "Title": "Horoscope Vol. 10",
    "Content": "Kraken du Printemps:  Le changement est inévitable mais rappelez vous que la vie est pleine de haut et de bas. Embrassez le changement et ayiez confiance en le déroulement des évènements, les reconnaisant comme une opportunité pour vous. \n\r\n\rChance: 2/5 Amour: 1/5 Couleur du mois: Jaune Moutarde\n\r\n\rDragon d'Été: Temps de réflection sur soi, regardez en vous pour trouver éclaircissement et compréhension. Prenez une pause des distractions externe et concentrez-vous sur votre propre connaissance de soi Chance: 1/5 Amour: 2/5 Couleur du \n\r\n\rKirin d'Automne:  Prendre du recule et voir les choses différemment est parfois nécessaire pour avancer. Prenez une pause, laissez aller le contrôle et embrassez la période d'incertitude devant vous. Chance: 2/5 Amour: 2/5 Couleur du mois:\n\r\n\rLicorne d'Hiver: Vous vous sentez limiter par vos désirs, vos peurs ou une influence externe. Confrontez ces épreuves et reconnaissez là ou ils volent votre force. Travaillez a brisez vos chaines des limites.  Chance: 3/5 Amour: 2/5 Couleu\n\r\n\r",
    "DateCreated": "2024-09-23T09:26:50.4634606-04:00"
  },
  {
    "Id": "9bc580db-a79d-486b-a423-59eb97d200e5",
    "Visible": true,
    "WriterName": "Octavie A.S.",
    "Account": "Tamaman",
    "Title": "Combien de Temps pour le Mérite ?",
    "Content": "Dans une société accrochée à ses statuts sociaux, une question essentielle se pose : combien de temps devons-nous accomplir une tâche pour conserver un titre qui nous élève?\n\r\n\rPar exemple, un Équite qui quitte son poste, celui-là même qui l'a élevé, au bout de quelques mois à peine. Reste t-il méritant à vie? Que vaut un statut si l’on ne s’investit plus?\n\r\n\rAlors que les Équites jouissent du droit de vote ainsi que d'autres avantages conséquents, il est raisonnable de se demander si ce statut doit être un acquis éternel ou s’il doit être renouvelé par des actions concrètes.\n\r\n\rAinsi, interrogeons-nous : doit-on conserver un titre sans l’accompagner d’un vrai service ?\n\r\n\rIl est également crucial de considérer que le nombre de titres d'Équite semble limité. Cette rareté renforce la nécessité de valoriser l'engagement réel.\n\r\n\rAinsi, la préservation de ce statut ne doit pas se faire au détriment de ceux qui aspirent légitimement à jouer un rôle dans notre communauté.",
    "DateCreated": "2024-09-19T21:17:07.1757394-04:00"
  },
  {
    "Id": "8ed7afbf-2e7a-484e-9256-020a7f967b06",
    "Visible": true,
    "WriterName": "Vesper",
    "Account": "einalem58",
    "Title": "Horoscope Vol. 11",
    "Content": "Kraken du Printemps:  Montrez de l'équité, de l'honnêtetée et de l'éthique. Considerez tout les côtés d'une médaille. Cherchez l'équilibre dans vos décisions. Acceptez la responsabilité de vos décisions \n\r\n\rChance: 3/5 Amour: 3/5 Couleur du mois: Ivoire\n\r\n\rDragon d'Été: Vous recherchez, mais n'avez pas encore trouver votre force interieur. Vous êtes probablement distrait ou vos buts ne sont pas suffisamment clair. Vous aurez de la difficultée à concentrer vos énergies dans une direction clai\n\r\n\rChance: 1/5 Amour: 2/5 Couleur du mois: Bleu Ciel\n\r\n\rKirin d'Automne:  Vous manquez d'inspiration. La lumière à la fin du tunel n'est pas aussi brillante qu'espérée. Vous pouvez calmer votre esprit mais n'arriverai pas a atteindre la vrai sérénité. \n\r\n\rChance: 2/5 Amour: 1/5 Couleur du mois: Violet\n\r\n\rLicorne d'Hiver:  La vérité est difficile à trouver. Vous êtes trop réticent à considéré toutes les options et à accepter la responsabilité de vos actions. Chance: 3/5 Amour: 3/5 Couleur du mois: Blanc perle\n\r\n\r\n\r\n\r",
    "DateCreated": "2024-09-23T09:29:12.7048214-04:00"
  },
  {
    "Id": "51b8c632-8992-4ad7-9b30-45f4e9da08e0",
    "Visible": true,
    "WriterName": "Nyssa Llyrk",
    "Account": "Kiriki",
    "Title": "- Les Chroniques de Mirage -",
    "Content": "Bonjour à vous, cher lecteur et chère lectrice. Je me présente à vous en quelques mots, en tant que journaliste débutante, nouvelle (mais plus si nouvelle) dans votre belle et mystérieuse cité d’or, Mirage.\n\r\n\rAvec un regard neuf sur ses rues, je souhaite partager mes découvertes avec vous et, par la même occasion, vous inviter à redécouvrir cette ville à mes côtés. \n\r\n\rBien sûr, Mirage n’est rien sans ceux qui la peuplent, et je veux mettre en lumière les héros de ces lieux, qu'ils soient célèbres ou oubliés.\n\r\n\rJe ne prétends pas tout savoir, mais ma passion pour le journalisme m’incite à chercher la vérité (j’admets, c’est qu’une façon d’assouvir ma curiosité !).\n\r\n\rSi vous avez des réponses à mes interrogations, je vous invite chaleureusement à venir à ma rencontre pour échanger, partager vos connaissances et donner votre point de vue. \n\r\n\rJ’ai eu vent de plusieurs événements et aventures depuis mon arrivée, et j’ai peine à y croire ! Je suis impatiente de partager avec vous mes prochaines découvertes et rencontres.  \n\r\n\rAu plaisir\n\r\n\r\n\r\n\r",
    "DateCreated": "2024-09-23T18:51:34.2187552-04:00"
  },
  {
    "Id": "58ca8b98-30b9-48a1-a504-dc2b70ce19ec",
    "Visible": false,
    "WriterName": "Dr. Edouardo Carlosa",
    "Account": "Tamaman",
    "Title": "Conseil santé: les pommes",
    "Content": "C'est maintenant prouvé!  Les pommes sont excellentes pour la santé des dents.\n\r\n\rAprès avoir évaluer la santé dentaire du l'ancien légionnaire Liout, grand mangeur de pommes de Mirage, l'on peut maintenant  affirmer que manger une pomme par jour, éloigne les arracheurs de dents pour toujours.\n\r\n\rLa seule chose à faire attention, c'est de ne pas en manger trop, au risque d'avoir des problèmes d'indigestion, ou pire, des flatulences désagréables.",
    "DateCreated": "2024-09-24T12:06:39.1505162-04:00"
  },
  {
    "Id": "bd337267-580b-4dc4-aab5-81911b2f392e",
    "Visible": true,
    "WriterName": "Docteur Eduardo",
    "Account": "Tamaman",
    "Title": "Des pommes et un cobaye ",
    "Content": "C'est maintenant prouvé!  Les pommes sont excellentes pour la santé des dents.\n\r\n\r Après avoir évaluer la santé dentaire du l'ancien légionnaire Liout, grand mangeur de pommes de Mirage, l'on peut maintenant  affirmer que manger une pomme par jour, éloigne les arracheu\n\r\n\rLa seule chose à faire attention, c'est de ne pas en manger trop, au risque d'avoir des problèmes d'indigestion, ou pire, des flatulences désagréables.",
    "DateCreated": "2024-09-24T14:13:16.4430112-04:00"
  }
]