Date;Voleur;VoleurAccount;Victime;Item;Qte;Location X;Location Y;Location Z
2022-08-05 12:22:30;Laevius Lupus;Laev;Khalid Maleki;0x40009904 "RepeatingCrossbow";1;1478;831;25
2022-08-05 14:29:35;Laevius Lupus;Laev;Banu Haqim;0x4000D6AF "NewSpellbook";1;1531;802;5
2022-08-05 15:35:22;Laevius Lupus;Laev;Edward Harris;0x400021D6 "CasqueChaos";1;1341;656;5
2022-08-05 16:28:16;Laevius Lupus;Laev;Marcus Aelius Septim;0x40009744 "Tabar8";1;1358;526;6
2022-08-05 16:28:55;Laevius Lupus;Laev;Marcus Aelius Septim;0x4000C524 "VikingSword";1;1358;526;6
2022-08-07 23:05:00;Laevius Lupus;Laev;Nolwenn;0x400072E8 "SulfurousAsh";16;1436;877;5
2022-08-07 23:05:10;Laevius Lupus;Laev;Nolwenn;0x400072E8 "SulfurousAsh";13;1436;877;5
2022-08-07 23:05:20;Laevius Lupus;Laev;Nolwenn;0x40006DA5 "Garlic";119;1436;877;5
2022-08-07 23:05:32;Laevius Lupus;Laev;Nolwenn;0x40006DA5 "Garlic";115;1436;877;5
2022-08-07 23:05:42;Laevius Lupus;Laev;Nolwenn;0x40006DA5 "Garlic";106;1436;877;5
2022-08-07 23:05:52;Laevius Lupus;Laev;Nolwenn;0x400072E8 "SulfurousAsh";12;1436;877;5
2022-08-07 23:06:03;Laevius Lupus;Laev;Nolwenn;0x40006DAA "Bloodmoss";12;1436;877;5
2022-08-07 23:06:12;Laevius Lupus;Laev;Nolwenn;0x40006DA2 "BlackPearl";9;1436;877;5
2022-08-07 23:06:23;Laevius Lupus;Laev;Nolwenn;0x40006DA5 "Garlic";61;1436;877;5
2022-08-07 23:06:34;Laevius Lupus;Laev;Nolwenn;0x40006DA5 "Garlic";52;1436;877;5
2022-08-07 23:06:45;Laevius Lupus;Laev;Nolwenn;0x40006DA5 "Garlic";42;1436;877;5
2022-08-08 18:27:47;Laevius Lupus;Laev;Lubna Tajih;0x4000D959 "Sombrevent";1;1346;843;5
2022-08-10 18:04:03;Laevius Lupus;Laev;Zack Vance;0x40003982 "CoiffeLoupBlanc";1;5728;449;-7
2022-08-10 18:05:47;Laevius Lupus;Laev;Zack Vance;0x40019D92 "PlateArms";1;5728;449;-7
2022-08-10 18:06:38;Laevius Lupus;Laev;Zack Vance;0x40019DB0 "PlateLegs";1;5728;449;-7
2022-08-14 20:36:02;Laevius Lupus;Laev;Icilia Corvalius;0x40006444 "Key";1;1351;894;5
2022-08-15 21:28:59;Laevius Lupus;Laev;Darius Quintus Tiberius;0x4000D2C6 "Tunic";1;1489;957;45
2022-08-17 11:13:37;Soraya Ibn'Sylas;CON;Lepida Livia Amata;0x4001E20B "BottleOfLiquor";1;1297;863;71
2022-08-17 11:14:59;Soraya Ibn'Sylas;CON;Lepida Livia Amata;0x4001084B "BeverageBottle";1;1297;863;71
2022-08-24 21:41:23;Anaelle Antonis;Gaia;Lunabelle;0x40004287 "SewingKit";1;1309;853;31
2022-08-24 21:41:34;Anaelle Antonis;Gaia;Lunabelle;0x40016F45 "ButcherKnife";1;1309;853;31
2024-06-29 02:40:01;Archereux;velogris24;Testeur24601;0x40002261 "GriffesCombat";1;1477;2901;5
2024-06-30 00:09:10;La perle;LeDieuFou;Mlle VC;0x40003440 "Gold";47;1513;2795;0
2024-06-30 00:09:30;La perle;LeDieuFou;Mlle VC;0x40003440 "Gold";4;1513;2795;0
2024-07-14 21:55:20;Rogal Valdor;blouin;Shorram Al'Aram;0x40009328 "Bandage";1;1422;2839;5
2024-07-14 21:55:41;Rogal Valdor;blouin;Shorram Al'Aram;0x40009328 "Bandage";1;1422;2839;5
2024-07-14 21:56:13;Rogal Valdor;blouin;Shorram Al'Aram;0x4000932B "Bandage";3;1422;2839;5
2024-07-15 21:20:44;Kowisowe;koko;Sune Ulla;0x4000168A "Scissors";1;1455;2935;25
2024-07-15 21:22:07;Kowisowe;koko;Sune Ulla;0x40000127 "ScribesPen";1;1455;2935;25
2024-07-15 21:24:25;Kowisowe;koko;Sune Ulla;0x40000127 "ScribesPen";1;1455;2935;25
2024-07-15 21:27:59;Kowisowe;koko;Sune Ulla;0x40000127 "ScribesPen";1;1455;2935;25
2024-07-15 21:28:34;Kowisowe;koko;Sune Ulla;0x400026E0 "ButcherKnife";1;1455;2935;25
2024-07-15 21:29:07;Kowisowe;koko;Sune Ulla;0x400026E0 "ButcherKnife";1;1455;2935;25
2024-07-15 21:30:13;Kowisowe;koko;Sune Ulla;0x40000127 "ScribesPen";1;1455;2935;25
2024-07-15 21:31:00;Kowisowe;koko;Sune Ulla;0x4000168A "Scissors";1;1455;2935;25
2024-07-15 21:31:36;Kowisowe;koko;Sune Ulla;0x400026E0 "ButcherKnife";1;1455;2935;25
2024-07-15 21:31:48;Kowisowe;koko;Sune Ulla;0x4000168A "Scissors";1;1455;2935;25
2024-07-15 21:32:54;Kowisowe;koko;Sune Ulla;0x4000168A "Scissors";1;1455;2935;25
2024-07-15 21:33:14;Kowisowe;koko;Sune Ulla;0x400026E0 "ButcherKnife";1;1455;2935;25
2024-07-15 21:33:52;Kowisowe;koko;Sune Ulla;0x40000127 "ScribesPen";1;1455;2935;25
2024-07-15 21:34:41;Kowisowe;koko;Sune Ulla;0x4000168A "Scissors";1;1455;2935;25
2024-07-15 21:34:57;Kowisowe;koko;Sune Ulla;0x4000168A "Scissors";1;1455;2935;25
2024-07-15 21:35:09;Kowisowe;koko;Sune Ulla;0x40000127 "ScribesPen";1;1455;2935;25
2024-07-15 21:35:30;Kowisowe;koko;Sune Ulla;0x400026E0 "ButcherKnife";1;1455;2935;25
2024-07-15 21:35:40;Kowisowe;koko;Sune Ulla;0x4000168A "Scissors";1;1455;2935;25
2024-07-15 21:35:55;Kowisowe;koko;Sune Ulla;0x40004F9E "Pinceaux";1;1455;2935;25
2024-07-15 21:36:26;Kowisowe;koko;Sune Ulla;0x40000127 "ScribesPen";1;1455;2935;25
2024-07-15 21:36:48;Kowisowe;koko;Sune Ulla;0x400026E0 "ButcherKnife";1;1455;2935;25
2024-07-15 21:37:52;Kowisowe;koko;Sune Ulla;0x40004F9E "Pinceaux";1;1455;2935;25
2024-07-15 21:38:13;Kowisowe;koko;Sune Ulla;0x40000127 "ScribesPen";1;1455;2935;25
2024-07-15 21:38:30;Kowisowe;koko;Sune Ulla;0x4000168A "Scissors";1;1455;2935;25
2024-07-15 21:39:12;Kowisowe;koko;Sune Ulla;0x4000168A "Scissors";1;1455;2935;25
2024-07-15 21:39:22;Kowisowe;koko;Sune Ulla;0x40004F9E "Pinceaux";1;1455;2935;25
2024-07-15 21:39:49;Kowisowe;koko;Sune Ulla;0x400026E0 "ButcherKnife";1;1455;2935;25
2024-07-15 21:40:39;Kowisowe;koko;Sune Ulla;0x40000127 "ScribesPen";1;1455;2935;25
2024-07-15 21:41:03;Kowisowe;koko;Sune Ulla;0x40004F9E "Pinceaux";1;1455;2935;25
2024-07-15 21:41:15;Kowisowe;koko;Sune Ulla;0x400026E0 "ButcherKnife";1;1455;2935;25
2024-07-15 21:42:27;Kowisowe;koko;Sune Ulla;0x4000168A "Scissors";1;1455;2935;25
2024-07-15 21:43:53;Kowisowe;koko;Sune Ulla;0x40000127 "ScribesPen";1;1455;2935;25
2024-07-20 11:36:51;Kowisowe;koko;Rashid Al-Azad;0x40005AF7 "IronIngot";267;1488;2866;2
2024-07-26 23:21:55;Rogal Valdor;blouin;Shorram Al'Aram;0x40008504 "TinkerTools";1;1415;2841;25
2024-07-26 23:22:23;Rogal Valdor;blouin;Shorram Al'Aram;0x40007FF5 "TinkerTools";1;1415;2841;25
2024-07-26 23:48:28;Primulia Florius;Sirendenvel;Primuly Florius;0x40008EEE "Gold";1;1448;2859;25
2024-07-27 20:12:19;Kowisowe;koko;Sune Ulla;0x400065AF "ScribesPen";1;1502;2806;5
2024-07-27 23:55:38;Primulia Florius;Sirendenvel;Primuly Florius;0x40010439 "TinkerTools";1;1446;2859;25
2024-07-29 19:49:24;Rogal Valdor;blouin;Shorram Al'Aram;0x40035A2D "BorealeOre";65;1165;1922;-20
2024-07-29 19:51:01;Rogal Valdor;blouin;Shorram Al'Aram;0x40035A2D "BorealeOre";70;1165;1922;-20
2024-07-29 19:51:54;Rogal Valdor;blouin;Shorram Al'Aram;0x40035A2D "BorealeOre";72;1165;1922;-20
2024-07-29 19:52:15;Rogal Valdor;blouin;Shorram Al'Aram;0x40035A2D "BorealeOre";71;1165;1922;-20
2024-07-29 19:54:49;Rogal Valdor;blouin;Shorram Al'Aram;0x40035A2D "BorealeOre";94;1168;1922;-20
2024-07-29 19:55:22;Rogal Valdor;blouin;Shorram Al'Aram;0x40035A2D "BorealeOre";108;1168;1922;-20
2024-07-29 19:58:48;Rogal Valdor;blouin;Shorram Al'Aram;0x40035F61 "BorealeOre";78;1172;1922;-20
2024-07-29 19:58:58;Rogal Valdor;blouin;Shorram Al'Aram;0x40035F61 "BorealeOre";80;1172;1922;-20
2024-07-31 12:06:32;Edwardo di Fuentes;important;Rogal Valdor;0x40006C06 "StrengthPotion";1;1461;2761;10
2024-08-07 22:32:55;Rogal Valdor;blouin;Shorram Al'Aram;0x4001DBAC "BlueBook";1;1432;2867;0
2024-09-04 15:02:02;Geminus Janus;Gargouille;Eugenius Gaurus;0x400364AE "FishSteak";9;1524;2746;30
2024-09-04 15:02:15;Geminus Janus;Gargouille;Eugenius Gaurus;0x400364AE "FishSteak";8;1524;2746;30
2024-09-04 15:03:22;Geminus Janus;Gargouille;Eugenius Gaurus;0x400364AE "FishSteak";7;1524;2746;30
2024-09-04 15:28:35;Geminus Janus;Gargouille;Eugenius Gaurus;0x400364AE "FishSteak";5;1524;2746;30
2024-09-04 15:29:34;Geminus Janus;Gargouille;Eugenius Gaurus;0x400364AE "FishSteak";4;1524;2746;30
2024-09-04 15:30:08;Geminus Janus;Gargouille;Eugenius Gaurus;0x400364AE "FishSteak";2;1524;2746;30
2024-09-04 15:30:34;Geminus Janus;Gargouille;Eugenius Gaurus;0x400364AE "FishSteak";1;1524;2746;30
2024-09-04 15:31:32;Geminus Janus;Gargouille;Eugenius Gaurus;0x400364AE "FishSteak";1;1524;2746;30
