<?xml version="1.0" encoding="utf-8" standalone="yes"?>
<accounts count="90">
	<account>
		<username>Nukka411</username>
		<password>Wilnil411</password>
		<accessLevel>Owner</accessLevel>
		<flags>2</flags>
		<created>2024-06-18T21:28:09.5089174Z</created>
		<lastLogin>2024-08-05T17:03:04.5709674Z</lastLogin>
		<totalGameTime>P11DT21H20M34.5886664S</totalGameTime>
		<chars>
			<char index="0">3030</char>
			<char index="1">5091</char>
		</chars>
		<comments>
			<comment addedBy="System" lastModified="2024-07-12T13:15:47.5765536Z">Character #1 0x2 "Nukka" deleted by 192.168.2.176</comment>
		</comments>
		<addressList count="3">
			<ip>192.168.2.1</ip>
			<ip>192.168.2.176</ip>
			<ip>172.98.71.215</ip>
		</addressList>
		<totalCurrency>0</totalCurrency>
		<sovereigns>0</sovereigns>
		<Transferts count="0" />
	</account>
	<account>
		<username>Mig</username>
		<password>Mig</password>
		<accessLevel>Owner</accessLevel>
		<flags>2</flags>
		<created>2024-06-19T22:55:00.6528169Z</created>
		<lastLogin>2024-08-01T20:26:23.9209373Z</lastLogin>
		<totalGameTime>P2DT10H55M6.2275789S</totalGameTime>
		<chars>
			<char index="0">3</char>
			<char index="1">1151</char>
		</chars>
		<addressList count="1">
			<ip>108.171.93.176</ip>
		</addressList>
		<totalCurrency>0</totalCurrency>
		<sovereigns>0</sovereigns>
		<Transferts count="0" />
	</account>
	<account>
		<username>N</username>
		<password>12345</password>
		<accessLevel>Owner</accessLevel>
		<flags>2</flags>
		<created>2024-06-23T21:58:45.0580676Z</created>
		<lastLogin>2024-08-05T20:28:38.5188773Z</lastLogin>
		<totalGameTime>P3DT20H59M28.8083702S</totalGameTime>
		<chars>
			<char index="0">265</char>
			<char index="1">1277</char>
		</chars>
		<addressList count="10">
			<ip>162.249.8.83</ip>
			<ip>163.123.170.197</ip>
			<ip>162.249.8.111</ip>
			<ip>163.123.170.90</ip>
			<ip>163.123.168.65</ip>
			<ip>163.123.169.224</ip>
			<ip>163.123.168.227</ip>
			<ip>162.249.8.85</ip>
			<ip>163.123.169.241</ip>
			<ip>163.123.169.184</ip>
		</addressList>
		<totalCurrency>0</totalCurrency>
		<sovereigns>0</sovereigns>
		<Transferts count="0" />
	</account>
	<account>
		<username>Laqueesha</username>
		<password>loRmelonD</password>
		<flags>2</flags>
		<created>2024-07-12T22:53:23.0780816Z</created>
		<lastLogin>2024-08-05T20:40:30.5338967Z</lastLogin>
		<totalGameTime>P7DT5H19M10.9549282S</totalGameTime>
		<chars>
			<char index="0">173</char>
			<char index="1">7443</char>
		</chars>
		<comments>
			<comment addedBy="System" lastModified="2024-07-15T02:08:36.5627951Z">Character #2 0x10D "Rosa Delacruz" deleted by 174.94.77.86</comment>
			<comment addedBy="System" lastModified="2024-07-15T02:14:18.9326503Z">Character #2 0x47F "Tristan Khell" deleted by 174.94.77.86</comment>
			<comment addedBy="System" lastModified="2024-07-30T02:58:22.6052162Z">Character #2 0x485 "Tristan Khell" deleted by 174.94.77.86</comment>
			<comment addedBy="System" lastModified="2024-07-30T03:13:51.470459Z">Character #2 0x1D03 "La Palooza" deleted by 174.94.77.86</comment>
		</comments>
		<addressList count="2">
			<ip>174.94.77.86</ip>
			<ip>74.210.133.171</ip>
		</addressList>
		<totalCurrency>0</totalCurrency>
		<sovereigns>0</sovereigns>
		<Transferts count="0" />
	</account>
	<account>
		<username>Myriana</username>
		<password>1234</password>
		<accessLevel>GameMaster</accessLevel>
		<flags>2</flags>
		<created>2024-06-24T17:21:45.2009121Z</created>
		<lastLogin>2024-08-04T22:06:53.4345163Z</lastLogin>
		<totalGameTime>P3DT6H10M11.6410843S</totalGameTime>
		<chars>
			<char index="0">43</char>
			<char index="1">1794</char>
		</chars>
		<addressList count="1">
			<ip>207.253.164.23</ip>
		</addressList>
		<totalCurrency>0</totalCurrency>
		<sovereigns>0</sovereigns>
		<Transferts count="0" />
	</account>
	<account>
		<username>Clover</username>
		<password>Banane</password>
		<accessLevel>GameMaster</accessLevel>
		<flags>2</flags>
		<created>2024-06-25T16:58:03.8929724Z</created>
		<lastLogin>2024-08-05T15:59:13.0056167Z</lastLogin>
		<totalGameTime>P3DT4H8M12.9593466S</totalGameTime>
		<chars>
			<char index="0">31</char>
		</chars>
		<comments>
			<comment addedBy="System" lastModified="2024-06-26T13:00:52.2613257Z">Character #2 0x26 "Clover" deleted by 38.23.227.78</comment>
		</comments>
		<addressList count="3">
			<ip>38.23.227.78</ip>
			<ip>70.55.89.23</ip>
			<ip>157.208.6.131</ip>
		</addressList>
		<totalCurrency>0</totalCurrency>
		<sovereigns>0</sovereigns>
		<Transferts count="0" />
	</account>
	<account>
		<username>Nex</username>
		<password>vlanmgt</password>
		<accessLevel>GameMaster</accessLevel>
		<flags>3</flags>
		<created>2024-06-25T23:16:27.7456845Z</created>
		<lastLogin>2024-07-22T22:16:24.4633372Z</lastLogin>
		<totalGameTime>P2DT5H26M30.6934784S</totalGameTime>
		<chars>
			<char index="0">47</char>
			<char index="1">1274</char>
			<char index="2">504</char>
			<char index="3">650</char>
		</chars>
		<comments>
			<comment addedBy="System" lastModified="2024-07-15T19:16:12.3636724Z">Character #3 0xB7 "Zowie" deleted by 74.59.151.130</comment>
		</comments>
		<tags>
			<tag name="BanDealer">0x109 "N"</tag>
			<tag name="BanTime">2024-07-22T22:43:04.083137Z</tag>
			<tag name="BanDuration">10675199.02:48:05.4775807</tag>
		</tags>
		<addressList count="4">
			<ip>74.59.151.130</ip>
			<ip>185.180.222.122</ip>
			<ip>96.22.27.111</ip>
			<ip>147.253.34.22</ip>
		</addressList>
		<totalCurrency>0</totalCurrency>
		<sovereigns>0</sovereigns>
		<Transferts count="0" />
	</account>
	<account>
		<username>krash</username>
		<password>abanou</password>
		<flags>2</flags>
		<created>2024-07-12T22:51:52.1901237Z</created>
		<lastLogin>2024-08-05T18:44:21.2778511Z</lastLogin>
		<totalGameTime>P10DT16H29M48.7998825S</totalGameTime>
		<chars>
			<char index="0">12</char>
		</chars>
		<addressList count="4">
			<ip>70.49.113.76</ip>
			<ip>24.37.91.206</ip>
			<ip>76.69.200.178</ip>
			<ip>184.146.236.229</ip>
		</addressList>
		<totalCurrency>0</totalCurrency>
		<sovereigns>0</sovereigns>
		<Transferts count="0" />
	</account>
	<account>
		<username>Clairvoyant</username>
		<password>royaume</password>
		<flags>2</flags>
		<created>2024-07-12T22:54:16.47832Z</created>
		<lastLogin>2024-08-04T23:47:55.5282876Z</lastLogin>
		<totalGameTime>P2DT15H3M43.7982213S</totalGameTime>
		<chars>
			<char index="0">177</char>
		</chars>
		<addressList count="3">
			<ip>74.15.17.7</ip>
			<ip>76.67.91.13</ip>
			<ip>170.249.62.240</ip>
		</addressList>
		<totalCurrency>0</totalCurrency>
		<sovereigns>0</sovereigns>
		<Transferts count="0" />
	</account>
	<account>
		<username>Test1</username>
		<password>1</password>
		<created>2024-07-04T12:23:36.5069526Z</created>
		<lastLogin>2024-07-23T17:00:50.3786009Z</lastLogin>
		<totalGameTime>PT1H48M6.0770687S</totalGameTime>
		<chars>
			<char index="0">399</char>
		</chars>
		<addressList count="2">
			<ip>192.168.2.1</ip>
			<ip>192.168.2.176</ip>
		</addressList>
		<totalCurrency>0</totalCurrency>
		<sovereigns>0</sovereigns>
		<Transferts count="0" />
	</account>
	<account>
		<username>Lix</username>
		<password>2526</password>
		<accessLevel>GameMaster</accessLevel>
		<flags>2</flags>
		<created>2024-07-04T22:35:07.4138346Z</created>
		<lastLogin>2024-08-04T23:53:55.0500243Z</lastLogin>
		<totalGameTime>P3DT14H13M14.7161242S</totalGameTime>
		<chars>
			<char index="0">182</char>
			<char index="1">527</char>
			<char index="2">1279</char>
		</chars>
		<addressList count="27">
			<ip>45.14.195.18</ip>
			<ip>153.92.40.237</ip>
			<ip>107.175.102.123</ip>
			<ip>64.44.118.141</ip>
			<ip>107.174.17.100</ip>
			<ip>107.175.102.124</ip>
			<ip>107.175.102.125</ip>
			<ip>107.175.102.127</ip>
			<ip>64.44.118.143</ip>
			<ip>193.43.135.215</ip>
			<ip>193.43.135.210</ip>
			<ip>193.43.135.213</ip>
			<ip>193.43.135.212</ip>
			<ip>64.44.118.222</ip>
			<ip>185.193.64.179</ip>
			<ip>185.199.101.157</ip>
			<ip>64.44.118.251</ip>
			<ip>107.173.69.220</ip>
			<ip>107.175.102.253</ip>
			<ip>185.193.64.39</ip>
			<ip>45.88.190.36</ip>
			<ip>45.88.190.34</ip>
			<ip>64.44.118.5</ip>
			<ip>64.44.118.73</ip>
			<ip>107.175.102.191</ip>
			<ip>107.175.102.192</ip>
			<ip>64.44.118.77</ip>
		</addressList>
		<totalCurrency>0</totalCurrency>
		<sovereigns>0</sovereigns>
		<Transferts count="0" />
	</account>
	<account>
		<username>Krazax</username>
		<password>Histoire12!()</password>
		<flags>2</flags>
		<created>2024-07-12T22:50:11.6668305Z</created>
		<lastLogin>2024-08-05T17:03:12.1018868Z</lastLogin>
		<totalGameTime>P7DT22H35M57.90124S</totalGameTime>
		<chars>
			<char index="0">2</char>
			<char index="1">445</char>
		</chars>
		<addressList count="2">
			<ip>24.202.187.234</ip>
			<ip>205.237.78.66</ip>
		</addressList>
		<totalCurrency>0</totalCurrency>
		<sovereigns>0</sovereigns>
		<Transferts count="0" />
	</account>
	<account>
		<username>Aerandir33</username>
		<password>mATAYUS333</password>
		<flags>2</flags>
		<created>2024-07-12T22:54:43.0456506Z</created>
		<lastLogin>2024-08-05T20:26:47.4780087Z</lastLogin>
		<totalGameTime>P5DT11H6M12.546511S</totalGameTime>
		<chars>
			<char index="0">174</char>
			<char index="1">659</char>
		</chars>
		<addressList count="4">
			<ip>142.115.245.162</ip>
			<ip>76.69.200.148</ip>
			<ip>76.69.200.5</ip>
			<ip>184.146.236.72</ip>
		</addressList>
		<totalCurrency>0</totalCurrency>
		<sovereigns>0</sovereigns>
		<Transferts count="0" />
	</account>
	<account>
		<username>Etiennec88</username>
		<password>potato</password>
		<created>2024-07-12T22:55:22.702847Z</created>
		<lastLogin>2024-07-12T22:55:54.245172Z</lastLogin>
		<totalGameTime>PT1M9.2164369S</totalGameTime>
		<chars>
			<char index="0">176</char>
		</chars>
		<addressList count="1">
			<ip>142.122.47.172</ip>
		</addressList>
		<totalCurrency>0</totalCurrency>
		<sovereigns>0</sovereigns>
		<Transferts count="0" />
	</account>
	<account>
		<username>Ikkos</username>
		<password>Ikkos1</password>
		<flags>2</flags>
		<created>2024-07-12T22:56:43.5502357Z</created>
		<lastLogin>2024-08-05T18:10:25.2275851Z</lastLogin>
		<totalGameTime>P4DT3H41M57.7976652S</totalGameTime>
		<chars>
			<char index="0">5122</char>
			<char index="1">5608</char>
		</chars>
		<comments>
			<comment addedBy="System" lastModified="2024-07-13T04:44:01.6497221Z">Character #1 0xBD "Ikkos" deleted by 66.130.21.154</comment>
			<comment addedBy="System" lastModified="2024-07-14T17:32:46.0811424Z">Character #1 0x1E6 "Igmnenomberzzar Khleosporatos Okeanouros" deleted by 66.130.21.154</comment>
			<comment addedBy="System" lastModified="2024-07-14T17:46:44.5762174Z">Character #2 0x1CC "Agmnenaduberzzar Heklyostos" deleted by 66.130.21.154</comment>
			<comment addedBy="System" lastModified="2024-07-23T05:00:11.7171845Z">Character #2 0x188 "Caeldh" deleted by 66.130.21.154</comment>
			<comment addedBy="System" lastModified="2024-07-23T05:00:14.9659371Z">Character #1 0x17A "Caern" deleted by 66.130.21.154</comment>
		</comments>
		<addressList count="2">
			<ip>66.130.21.154</ip>
			<ip>66.130.104.189</ip>
		</addressList>
		<totalCurrency>0</totalCurrency>
		<sovereigns>0</sovereigns>
		<Transferts count="1">
			<Transfert>
				<Serial>0</Serial>
				<Name>Caern</Name>
				<Experience>1</Experience>
				<ExperienceRP>0</ExperienceRP>
			</Transfert>
		</Transferts>
	</account>
	<account>
		<username>tamere</username>
		<password>vache</password>
		<flags>2</flags>
		<created>2024-07-12T22:57:45.0299695Z</created>
		<lastLogin>2024-08-04T23:46:35.2168525Z</lastLogin>
		<totalGameTime>P3DT5H32M21.3317214S</totalGameTime>
		<chars>
			<char index="0">348</char>
		</chars>
		<addressList count="1">
			<ip>104.163.181.236</ip>
		</addressList>
		<totalCurrency>0</totalCurrency>
		<sovereigns>0</sovereigns>
		<Transferts count="0" />
	</account>
	<account>
		<username>Spaghetti</username>
		<password>Oshiyomi</password>
		<flags>2</flags>
		<created>2024-07-12T22:58:14.3241397Z</created>
		<lastLogin>2024-08-05T19:20:34.2491942Z</lastLogin>
		<totalGameTime>P3DT22H58M2.7712221S</totalGameTime>
		<chars>
			<char index="0">200</char>
		</chars>
		<addressList count="2">
			<ip>74.14.132.108</ip>
			<ip>76.71.147.224</ip>
		</addressList>
		<totalCurrency>0</totalCurrency>
		<sovereigns>0</sovereigns>
		<Transferts count="0" />
	</account>
	<account>
		<username>Miouchara</username>
		<password>Miouchara57</password>
		<flags>2</flags>
		<created>2024-07-12T23:00:30.109773Z</created>
		<lastLogin>2024-08-05T20:13:56.0063399Z</lastLogin>
		<totalGameTime>P6DT13H27M1.0312735S</totalGameTime>
		<chars>
			<char index="0">225</char>
		</chars>
		<addressList count="1">
			<ip>88.182.184.193</ip>
		</addressList>
		<totalCurrency>0</totalCurrency>
		<sovereigns>0</sovereigns>
		<Transferts count="0" />
	</account>
	<account>
		<username>jungle123</username>
		<password>c8r3n5j</password>
		<flags>2</flags>
		<created>2024-07-12T23:00:48.4827283Z</created>
		<lastLogin>2024-08-05T00:54:24.3972476Z</lastLogin>
		<totalGameTime>P6DT17H58M51.8070778S</totalGameTime>
		<chars>
			<char index="0">228</char>
		</chars>
		<addressList count="2">
			<ip>74.56.203.113</ip>
			<ip>74.56.216.227</ip>
		</addressList>
		<totalCurrency>0</totalCurrency>
		<sovereigns>0</sovereigns>
		<Transferts count="0" />
	</account>
	<account>
		<username>joelcarl</username>
		<password>Stephanie32!</password>
		<flags>2</flags>
		<created>2024-07-12T23:00:53.7586048Z</created>
		<lastLogin>2024-08-04T18:32:51.0284975Z</lastLogin>
		<totalGameTime>P5DT14H22M46.8859437S</totalGameTime>
		<chars>
			<char index="0">219</char>
			<char index="1">570</char>
		</chars>
		<addressList count="2">
			<ip>70.55.197.176</ip>
			<ip>70.24.177.224</ip>
		</addressList>
		<totalCurrency>0</totalCurrency>
		<sovereigns>0</sovereigns>
		<Transferts count="0" />
	</account>
	<account>
		<username>LeDieuFo</username>
		<password>R2D2</password>
		<created>2024-07-12T23:03:26.1824885Z</created>
		<lastLogin>2024-07-12T23:03:26.1824885Z</lastLogin>
		<totalGameTime>PT0S</totalGameTime>
		<chars />
		<addressList count="1">
			<ip>76.68.194.144</ip>
		</addressList>
		<totalCurrency>0</totalCurrency>
		<sovereigns>0</sovereigns>
		<Transferts count="0" />
	</account>
	<account>
		<username>Amazone</username>
		<password>qwerty00</password>
		<created>2024-07-12T23:03:34.8418452Z</created>
		<lastLogin>2024-07-20T12:49:07.4585325Z</lastLogin>
		<totalGameTime>PT6H17M3.7111792S</totalGameTime>
		<chars>
			<char index="0">323</char>
		</chars>
		<comments>
			<comment addedBy="System" lastModified="2024-07-20T01:55:54.4585734Z">Character #2 0x3C9 "Skar" deleted by 96.21.171.36</comment>
		</comments>
		<addressList count="1">
			<ip>96.21.171.36</ip>
		</addressList>
		<totalCurrency>0</totalCurrency>
		<sovereigns>0</sovereigns>
		<Transferts count="1">
			<Transfert>
				<Serial>0</Serial>
				<Name>Skar</Name>
				<Experience>2</Experience>
				<ExperienceRP>0</ExperienceRP>
			</Transfert>
		</Transferts>
	</account>
	<account>
		<username>chuck2be</username>
		<password>Joker132!</password>
		<flags>2</flags>
		<created>2024-07-12T23:04:33.6213228Z</created>
		<lastLogin>2024-08-05T00:27:21.7593449Z</lastLogin>
		<totalGameTime>P2DT21H4M35.9141873S</totalGameTime>
		<chars>
			<char index="0">4074</char>
		</chars>
		<comments>
			<comment addedBy="System" lastModified="2024-07-21T13:45:34.9353801Z">Character #1 0xEC "Kaesio Tullia Solus" deleted by 199.204.185.189</comment>
		</comments>
		<addressList count="1">
			<ip>199.204.185.189</ip>
		</addressList>
		<totalCurrency>0</totalCurrency>
		<sovereigns>0</sovereigns>
		<Transferts count="0" />
	</account>
	<account>
		<username>LeDieuFou</username>
		<password>R2D2</password>
		<created>2024-07-12T23:05:49.302707Z</created>
		<lastLogin>2024-08-04T20:11:34.5523866Z</lastLogin>
		<totalGameTime>PT16H56M32.2735099S</totalGameTime>
		<chars>
			<char index="0">326</char>
		</chars>
		<addressList count="1">
			<ip>76.68.194.144</ip>
		</addressList>
		<totalCurrency>0</totalCurrency>
		<sovereigns>0</sovereigns>
		<Transferts count="0" />
	</account>
	<account>
		<username>blouin</username>
		<password>blouin317</password>
		<flags>2</flags>
		<created>2024-07-12T23:06:36.0833467Z</created>
		<lastLogin>2024-08-05T17:28:40.3841255Z</lastLogin>
		<totalGameTime>P4DT25M11.9539741S</totalGameTime>
		<chars>
			<char index="0">1793</char>
		</chars>
		<comments>
			<comment addedBy="System" lastModified="2024-07-13T00:36:02.7198529Z">Character #1 0x135 "Fabius Valcoran" deleted by 173.177.227.7</comment>
			<comment addedBy="System" lastModified="2024-07-14T02:59:23.6037253Z">Character #1 0x1A3 "Fabius Valcoran" deleted by 173.177.227.7</comment>
		</comments>
		<addressList count="1">
			<ip>173.177.227.7</ip>
		</addressList>
		<totalCurrency>0</totalCurrency>
		<sovereigns>0</sovereigns>
		<Transferts count="0" />
	</account>
	<account>
		<username>MlleVC</username>
		<password>1234</password>
		<flags>2</flags>
		<created>2024-07-12T23:08:25.5832218Z</created>
		<lastLogin>2024-08-05T19:05:30.3594468Z</lastLogin>
		<totalGameTime>P3DT21H56M2.2319668S</totalGameTime>
		<chars>
			<char index="0">322</char>
		</chars>
		<addressList count="2">
			<ip>96.22.27.111</ip>
			<ip>184.148.243.89</ip>
		</addressList>
		<totalCurrency>0</totalCurrency>
		<sovereigns>0</sovereigns>
		<Transferts count="0" />
	</account>
	<account>
		<username>Zoobie</username>
		<password>061286</password>
		<flags>2</flags>
		<created>2024-07-12T23:10:26.4752852Z</created>
		<lastLogin>2024-08-05T05:35:55.9742016Z</lastLogin>
		<totalGameTime>P4DT37M48.197233S</totalGameTime>
		<chars>
			<char index="0">324</char>
			<char index="1">426</char>
		</chars>
		<addressList count="2">
			<ip>70.53.138.66</ip>
			<ip>173.178.192.100</ip>
		</addressList>
		<totalCurrency>0</totalCurrency>
		<sovereigns>0</sovereigns>
		<Transferts count="0" />
	</account>
	<account>
		<username>Sinead</username>
		<password>Molly</password>
		<created>2024-07-12T23:10:28.0438148Z</created>
		<lastLogin>2024-07-19T16:27:04.9323121Z</lastLogin>
		<totalGameTime>PT3H4M11.49159S</totalGameTime>
		<chars>
			<char index="0">325</char>
		</chars>
		<addressList count="1">
			<ip>70.83.192.226</ip>
		</addressList>
		<totalCurrency>0</totalCurrency>
		<sovereigns>0</sovereigns>
		<Transferts count="0" />
	</account>
	<account>
		<username>important</username>
		<password>important2</password>
		<flags>2</flags>
		<created>2024-07-12T23:12:56.4854629Z</created>
		<lastLogin>2024-08-05T01:04:59.2551107Z</lastLogin>
		<totalGameTime>P2DT19H11M55.4073636S</totalGameTime>
		<chars>
			<char index="0">453</char>
			<char index="1">168</char>
		</chars>
		<comments>
			<comment addedBy="System" lastModified="2024-07-15T23:12:24.3779238Z">Character #1 0x147 "Edwardo Fuentes" deleted by 24.200.21.187</comment>
		</comments>
		<addressList count="2">
			<ip>24.200.21.187</ip>
			<ip>74.57.53.26</ip>
		</addressList>
		<totalCurrency>0</totalCurrency>
		<sovereigns>0</sovereigns>
		<Transferts count="1">
			<Transfert>
				<Serial>0</Serial>
				<Name>Edwardo Fuentes</Name>
				<Experience>2</Experience>
				<ExperienceRP>0</ExperienceRP>
			</Transfert>
		</Transferts>
	</account>
	<account>
		<username>Komil_Zirak</username>
		<password>Qasqas11!</password>
		<flags>2</flags>
		<created>2024-07-12T23:16:13.6293823Z</created>
		<lastLogin>2024-08-05T08:24:24.510445Z</lastLogin>
		<totalGameTime>P3DT23H10M51.3836678S</totalGameTime>
		<chars>
			<char index="0">328</char>
		</chars>
		<addressList count="1">
			<ip>96.23.49.24</ip>
		</addressList>
		<totalCurrency>0</totalCurrency>
		<sovereigns>0</sovereigns>
		<Transferts count="0" />
	</account>
	<account>
		<username>nornorr</username>
		<password>!Tt10108131!!</password>
		<created>2024-07-12T23:18:09.1060189Z</created>
		<lastLogin>2024-07-22T14:27:54.1517607Z</lastLogin>
		<totalGameTime>PT4H40M41.8315982S</totalGameTime>
		<chars>
			<char index="0">538</char>
		</chars>
		<comments>
			<comment addedBy="System" lastModified="2024-07-13T02:02:51.2835056Z">Character #1 0x14B "Aizhek" deleted by 70.29.215.160</comment>
			<comment addedBy="System" lastModified="2024-07-13T16:17:50.0543975Z">Character #1 0x9E "Aizhek" deleted by 70.29.215.160</comment>
		</comments>
		<addressList count="2">
			<ip>70.29.215.160</ip>
			<ip>174.88.231.85</ip>
		</addressList>
		<totalCurrency>0</totalCurrency>
		<sovereigns>0</sovereigns>
		<Transferts count="0" />
	</account>
	<account>
		<username>koko</username>
		<password>salut123</password>
		<flags>2</flags>
		<created>2024-07-12T23:19:14.6878024Z</created>
		<lastLogin>2024-08-04T23:56:08.0245772Z</lastLogin>
		<totalGameTime>P1DT18H49M31.1147541S</totalGameTime>
		<chars>
			<char index="0">630</char>
		</chars>
		<comments>
			<comment addedBy="System" lastModified="2024-07-13T12:47:05.3075125Z">Character #1 0x149 "Ko" deleted by 107.159.250.67</comment>
		</comments>
		<addressList count="1">
			<ip>107.159.250.67</ip>
		</addressList>
		<totalCurrency>0</totalCurrency>
		<sovereigns>0</sovereigns>
		<Transferts count="1">
			<Transfert>
				<Serial>0</Serial>
				<Name>Ko</Name>
				<Experience>1</Experience>
				<ExperienceRP>0</ExperienceRP>
			</Transfert>
		</Transferts>
	</account>
	<account>
		<username>Elyse</username>
		<password>Sourire16</password>
		<flags>2</flags>
		<created>2024-07-12T23:20:59.419612Z</created>
		<lastLogin>2024-08-05T00:16:56.3657561Z</lastLogin>
		<totalGameTime>P6DT3H36M8.4629185S</totalGameTime>
		<chars>
			<char index="0">330</char>
		</chars>
		<addressList count="2">
			<ip>96.21.129.31</ip>
			<ip>173.178.87.155</ip>
		</addressList>
		<totalCurrency>0</totalCurrency>
		<sovereigns>0</sovereigns>
		<Transferts count="0" />
	</account>
	<account>
		<username>bftmpat</username>
		<password>cheval</password>
		<created>2024-07-12T23:26:45.4330248Z</created>
		<lastLogin>2024-07-17T20:22:34.6939781Z</lastLogin>
		<totalGameTime>PT5H20M39.0576913S</totalGameTime>
		<chars>
			<char index="0">823</char>
			<char index="1">536</char>
		</chars>
		<comments>
			<comment addedBy="System" lastModified="2024-07-15T01:43:20.4965031Z">Character #1 0x14D "Kelios" deleted by 167.248.191.211</comment>
		</comments>
		<addressList count="2">
			<ip>167.248.191.211</ip>
			<ip>207.253.92.161</ip>
		</addressList>
		<totalCurrency>0</totalCurrency>
		<sovereigns>0</sovereigns>
		<Transferts count="0" />
	</account>
	<account>
		<username>Troub</username>
		<password>Muffin</password>
		<flags>2</flags>
		<created>2024-07-12T23:42:11.1635062Z</created>
		<lastLogin>2024-07-27T16:25:06.6587699Z</lastLogin>
		<totalGameTime>P1DT21H34M6.653406S</totalGameTime>
		<chars>
			<char index="0">1573</char>
			<char index="1">1296</char>
		</chars>
		<comments>
			<comment addedBy="System" lastModified="2024-07-16T17:00:12.4980342Z">Character #2 0x615 "Marius Salinator" deleted by 207.253.164.23</comment>
			<comment addedBy="System" lastModified="2024-07-16T23:53:51.0336193Z">Character #2 0x39 "Marius Botellus" deleted by 207.253.164.23</comment>
			<comment addedBy="System" lastModified="2024-07-17T00:46:25.0860047Z">Character #2 0x303 "Kormak Kan" deleted by 207.253.164.23</comment>
			<comment addedBy="System" lastModified="2024-07-17T12:28:19.4982842Z">Character #1 0x1 "Quintus Quietus" deleted by 207.253.164.23</comment>
		</comments>
		<addressList count="2">
			<ip>207.253.164.23</ip>
			<ip>142.169.80.60</ip>
		</addressList>
		<totalCurrency>0</totalCurrency>
		<sovereigns>0</sovereigns>
		<Transferts count="1">
			<Transfert>
				<Serial>0</Serial>
				<Name>Marius Salinator</Name>
				<Experience>0</Experience>
				<ExperienceRP>0</ExperienceRP>
			</Transfert>
		</Transferts>
	</account>
	<account>
		<username>venusbacchus</username>
		<password>k29892K29892</password>
		<flags>2</flags>
		<created>2024-07-12T23:43:10.2332616Z</created>
		<lastLogin>2024-08-05T19:31:54.7179339Z</lastLogin>
		<totalGameTime>P7DT17H41M43.284628S</totalGameTime>
		<chars>
			<char index="0">335</char>
		</chars>
		<addressList count="3">
			<ip>107.159.214.184</ip>
			<ip>198.16.239.241</ip>
			<ip>107.159.253.56</ip>
		</addressList>
		<totalCurrency>0</totalCurrency>
		<sovereigns>0</sovereigns>
		<Transferts count="0" />
	</account>
	<account>
		<username>Phoenix02</username>
		<password>Minister02</password>
		<flags>2</flags>
		<created>2024-07-12T23:48:06.575262Z</created>
		<lastLogin>2024-08-04T22:19:05.1521842Z</lastLogin>
		<totalGameTime>P4DT3H34M2.4658076S</totalGameTime>
		<chars>
			<char index="0">340</char>
			<char index="1">1572</char>
		</chars>
		<comments>
			<comment addedBy="System" lastModified="2024-07-13T23:33:07.2917689Z">Character #2 0x186 "Ellius Vhayste" deleted by 70.81.65.185</comment>
			<comment addedBy="System" lastModified="2024-07-15T22:12:15.2769237Z">Character #2 0x548 "Lance Vhayste" deleted by 70.81.65.185</comment>
			<comment addedBy="System" lastModified="2024-07-19T11:40:37.7953237Z">Character #2 0x1A6 "Lance Vhayste" deleted by 74.56.239.58</comment>
		</comments>
		<addressList count="2">
			<ip>70.81.65.185</ip>
			<ip>74.56.239.58</ip>
		</addressList>
		<totalCurrency>0</totalCurrency>
		<sovereigns>0</sovereigns>
		<Transferts count="0" />
	</account>
	<account>
		<username>Demonist</username>
		<password>007Marcus007</password>
		<flags>2</flags>
		<created>2024-07-13T00:05:35.6056506Z</created>
		<lastLogin>2024-08-05T20:46:42.8631836Z</lastLogin>
		<totalGameTime>P5DT23H19M6.763529S</totalGameTime>
		<chars>
			<char index="0">350</char>
			<char index="1">415</char>
		</chars>
		<addressList count="4">
			<ip>57.134.64.254</ip>
			<ip>70.51.48.176</ip>
			<ip>70.55.73.67</ip>
			<ip>70.27.226.231</ip>
		</addressList>
		<totalCurrency>0</totalCurrency>
		<sovereigns>0</sovereigns>
		<Transferts count="0" />
	</account>
	<account>
		<username>KFCchicken</username>
		<password>Yeah123</password>
		<created>2024-07-13T01:02:19.9356075Z</created>
		<lastLogin>2024-07-27T10:50:37.7184955Z</lastLogin>
		<totalGameTime>PT2H25M38.1957623S</totalGameTime>
		<chars>
			<char index="0">431</char>
		</chars>
		<addressList count="2">
			<ip>70.83.14.134</ip>
			<ip>24.48.43.162</ip>
		</addressList>
		<totalCurrency>0</totalCurrency>
		<sovereigns>0</sovereigns>
		<Transferts count="0" />
	</account>
	<account>
		<username>Adax</username>
		<password>Telecomande1</password>
		<flags>2</flags>
		<created>2024-07-13T01:04:37.7129469Z</created>
		<lastLogin>2024-08-05T20:15:29.7547378Z</lastLogin>
		<totalGameTime>P3DT2H16M15.0543877S</totalGameTime>
		<chars>
			<char index="0">433</char>
		</chars>
		<addressList count="5">
			<ip>70.48.108.136</ip>
			<ip>76.65.154.224</ip>
			<ip>76.65.154.99</ip>
			<ip>142.113.29.239</ip>
			<ip>70.24.184.248</ip>
		</addressList>
		<totalCurrency>0</totalCurrency>
		<sovereigns>0</sovereigns>
		<Transferts count="0" />
	</account>
	<account>
		<username>Kiriki</username>
		<password>gehe11</password>
		<flags>2</flags>
		<created>2024-07-13T01:42:12.0830951Z</created>
		<lastLogin>2024-08-05T20:36:12.5984401Z</lastLogin>
		<totalGameTime>P4DT27M8.0024441S</totalGameTime>
		<chars>
			<char index="0">17</char>
			<char index="1">7033</char>
		</chars>
		<comments>
			<comment addedBy="System" lastModified="2024-07-20T23:10:27.4012182Z">Character #2 0x1C4 "Korrigan" deleted by 69.157.89.83</comment>
			<comment addedBy="System" lastModified="2024-07-21T22:49:16.737767Z">Character #2 0xCB2 "Kasara Sombremer" deleted by 69.157.89.83</comment>
			<comment addedBy="System" lastModified="2024-07-27T22:57:18.0688262Z">Character #2 0x520 "Lyskin Kheltar" deleted by 69.157.89.83</comment>
		</comments>
		<addressList count="2">
			<ip>69.157.89.83</ip>
			<ip>70.24.210.69</ip>
		</addressList>
		<totalCurrency>0</totalCurrency>
		<sovereigns>0</sovereigns>
		<Transferts count="0" />
	</account>
	<account>
		<username>EtienneC92</username>
		<password>potato</password>
		<flags>2</flags>
		<created>2024-07-13T02:56:46.6969268Z</created>
		<lastLogin>2024-08-04T18:07:09.2303574Z</lastLogin>
		<totalGameTime>P3DT7H23M38.9738639S</totalGameTime>
		<chars>
			<char index="0">332</char>
			<char index="1">2188</char>
		</chars>
		<addressList count="1">
			<ip>142.122.47.172</ip>
		</addressList>
		<totalCurrency>0</totalCurrency>
		<sovereigns>0</sovereigns>
		<Transferts count="0" />
	</account>
	<account>
		<username>Sirendenvel</username>
		<password>1234</password>
		<flags>2</flags>
		<created>2024-07-13T03:08:02.1374461Z</created>
		<lastLogin>2024-08-05T01:21:41.7503603Z</lastLogin>
		<totalGameTime>P6DT8H52M12.3424836S</totalGameTime>
		<chars>
			<char index="0">336</char>
			<char index="1">1164</char>
		</chars>
		<comments>
			<comment addedBy="System" lastModified="2024-07-14T06:10:06.0229365Z">Character #2 0xB7 "Nowy" deleted by 173.178.116.151</comment>
			<comment addedBy="System" lastModified="2024-07-26T16:45:47.7746135Z">Character #2 0x894 "Farwolaeth Brann" deleted by 24.200.111.131</comment>
		</comments>
		<addressList count="5">
			<ip>184.95.226.170</ip>
			<ip>173.178.116.151</ip>
			<ip>192.168.2.1</ip>
			<ip>192.168.2.176</ip>
			<ip>24.200.111.131</ip>
		</addressList>
		<totalCurrency>0</totalCurrency>
		<sovereigns>0</sovereigns>
		<Transferts count="1">
			<Transfert>
				<Serial>0</Serial>
				<Name>Nowy</Name>
				<Experience>0</Experience>
				<ExperienceRP>0</ExperienceRP>
			</Transfert>
		</Transferts>
	</account>
	<account>
		<username>Carolane</username>
		<password>123C4r0</password>
		<flags>2</flags>
		<created>2024-07-13T03:14:21.6060975Z</created>
		<lastLogin>2024-08-05T19:17:50.5558826Z</lastLogin>
		<totalGameTime>P3DT17H47M51.0256953S</totalGameTime>
		<chars>
			<char index="0">339</char>
		</chars>
		<addressList count="1">
			<ip>199.204.185.189</ip>
		</addressList>
		<totalCurrency>0</totalCurrency>
		<sovereigns>0</sovereigns>
		<Transferts count="0" />
	</account>
	<account>
		<username>Sparklyli</username>
		<password>22SkaldeniaB12</password>
		<created>2024-07-13T03:19:04.3115484Z</created>
		<lastLogin>2024-07-21T13:05:17.551391Z</lastLogin>
		<totalGameTime>PT16H52M35.3373657S</totalGameTime>
		<chars>
			<char index="0">705</char>
		</chars>
		<comments>
			<comment addedBy="System" lastModified="2024-07-14T21:22:28.1300652Z">Character #1 0x180 "Shahnaz El'Kabbaj" deleted by 162.156.249.123</comment>
			<comment addedBy="System" lastModified="2024-07-14T21:28:00.5646413Z">Character #1 0x1A4 "Shahnaz El'Kabbaj" deleted by 162.156.249.123</comment>
			<comment addedBy="System" lastModified="2024-07-14T23:29:08.3147513Z">Character #1 0x1AB "Shahnaz El'Kabbaj" deleted by 162.156.249.123</comment>
		</comments>
		<addressList count="1">
			<ip>162.156.249.123</ip>
		</addressList>
		<totalCurrency>0</totalCurrency>
		<sovereigns>0</sovereigns>
		<Transferts count="3">
			<Transfert>
				<Serial>0</Serial>
				<Name>Shahnaz El'Kabbaj</Name>
				<Experience>3</Experience>
				<ExperienceRP>0</ExperienceRP>
			</Transfert>
			<Transfert>
				<Serial>1</Serial>
				<Name>Shahnaz El'Kabbaj</Name>
				<Experience>1</Experience>
				<ExperienceRP>0</ExperienceRP>
			</Transfert>
			<Transfert>
				<Serial>2</Serial>
				<Name>Shahnaz El'Kabbaj</Name>
				<Experience>2</Experience>
				<ExperienceRP>0</ExperienceRP>
			</Transfert>
		</Transferts>
	</account>
	<account>
		<username>Valerus01</username>
		<password>1#Nh67rT</password>
		<created>2024-07-13T03:31:17.5392052Z</created>
		<lastLogin>2024-07-26T20:22:42.0732558Z</lastLogin>
		<totalGameTime>PT3H52M52.6104293S</totalGameTime>
		<chars>
			<char index="0">387</char>
		</chars>
		<addressList count="1">
			<ip>207.134.184.91</ip>
		</addressList>
		<totalCurrency>0</totalCurrency>
		<sovereigns>0</sovereigns>
		<Transferts count="0" />
	</account>
	<account>
		<username>puddingcake</username>
		<password>hellmax</password>
		<flags>2</flags>
		<created>2024-07-13T03:35:16.4964112Z</created>
		<lastLogin>2024-08-05T05:40:13.5196619Z</lastLogin>
		<totalGameTime>P5DT7H59M56.2068595S</totalGameTime>
		<chars>
			<char index="0">396</char>
		</chars>
		<addressList count="1">
			<ip>104.32.81.47</ip>
		</addressList>
		<totalCurrency>0</totalCurrency>
		<sovereigns>0</sovereigns>
		<Transferts count="0" />
	</account>
	<account>
		<username>Barbare</username>
		<password>guerre</password>
		<created>2024-07-13T05:54:55.8946028Z</created>
		<lastLogin>2024-07-13T13:47:51.870411Z</lastLogin>
		<totalGameTime>PT1H34M20.3175908S</totalGameTime>
		<chars>
			<char index="0">511</char>
		</chars>
		<addressList count="1">
			<ip>92.148.170.79</ip>
		</addressList>
		<totalCurrency>0</totalCurrency>
		<sovereigns>0</sovereigns>
		<Transferts count="0" />
	</account>
	<account>
		<username>Pentium386</username>
		<password>Toodamnold</password>
		<flags>2</flags>
		<created>2024-07-13T07:03:12.7167209Z</created>
		<lastLogin>2024-08-05T13:26:51.7310028Z</lastLogin>
		<totalGameTime>P2DT23H53M44.9604018S</totalGameTime>
		<chars>
			<char index="0">539</char>
		</chars>
		<addressList count="2">
			<ip>66.131.206.112</ip>
			<ip>45.73.79.200</ip>
		</addressList>
		<totalCurrency>0</totalCurrency>
		<sovereigns>0</sovereigns>
		<Transferts count="0" />
	</account>
	<account>
		<username>safanah</username>
		<password>pommes,2006</password>
		<flags>2</flags>
		<created>2024-07-13T10:09:52.8549065Z</created>
		<lastLogin>2024-08-04T20:01:14.4390467Z</lastLogin>
		<totalGameTime>P2DT11H25M6.8408218S</totalGameTime>
		<chars>
			<char index="0">581</char>
		</chars>
		<addressList count="1">
			<ip>135.19.77.244</ip>
		</addressList>
		<totalCurrency>0</totalCurrency>
		<sovereigns>0</sovereigns>
		<Transferts count="0" />
	</account>
	<account>
		<username>Jourdelan</username>
		<password>1806Tareris</password>
		<flags>2</flags>
		<created>2024-07-13T10:34:09.3438585Z</created>
		<lastLogin>2024-08-05T14:39:34.9999625Z</lastLogin>
		<totalGameTime>P2DT13H52M31.5946265S</totalGameTime>
		<chars>
			<char index="0">5245</char>
		</chars>
		<comments>
			<comment addedBy="System" lastModified="2024-07-28T17:09:48.7983653Z">Character #1 0x247 "Khaishan" deleted by 51.161.66.101</comment>
		</comments>
		<addressList count="13">
			<ip>54.39.219.114</ip>
			<ip>192.99.110.152</ip>
			<ip>66.130.2.31</ip>
			<ip>192.99.110.133</ip>
			<ip>144.217.105.206</ip>
			<ip>192.99.89.194</ip>
			<ip>198.27.103.185</ip>
			<ip>198.27.103.183</ip>
			<ip>158.69.234.196</ip>
			<ip>54.39.219.125</ip>
			<ip>51.161.66.101</ip>
			<ip>192.99.110.128</ip>
			<ip>51.161.66.105</ip>
		</addressList>
		<totalCurrency>0</totalCurrency>
		<sovereigns>0</sovereigns>
		<Transferts count="0" />
	</account>
	<account>
		<username>einalem58</username>
		<password>melanie8</password>
		<flags>2</flags>
		<created>2024-07-13T12:21:24.7343182Z</created>
		<lastLogin>2024-08-05T17:03:02.2804139Z</lastLogin>
		<totalGameTime>P1DT22H46M25.5130302S</totalGameTime>
		<chars>
			<char index="0">609</char>
		</chars>
		<addressList count="1">
			<ip>142.120.187.233</ip>
		</addressList>
		<totalCurrency>0</totalCurrency>
		<sovereigns>0</sovereigns>
		<Transferts count="0" />
	</account>
	<account>
		<username>Aegreath</username>
		<password>A18d5N13e</password>
		<created>2024-07-13T13:41:56.2416396Z</created>
		<lastLogin>2024-08-05T11:54:29.3019593Z</lastLogin>
		<totalGameTime>PT16H24M7.2007431S</totalGameTime>
		<chars>
			<char index="0">209</char>
		</chars>
		<addressList count="2">
			<ip>109.89.106.241</ip>
			<ip>109.89.105.63</ip>
		</addressList>
		<totalCurrency>0</totalCurrency>
		<sovereigns>0</sovereigns>
		<Transferts count="0" />
	</account>
	<account>
		<username>Aikosuke</username>
		<password>ykfv3v65</password>
		<created>2024-07-13T13:59:28.9642662Z</created>
		<lastLogin>2024-07-13T14:00:30.8067074Z</lastLogin>
		<totalGameTime>PT22M34.0847177S</totalGameTime>
		<chars>
			<char index="0">250</char>
		</chars>
		<addressList count="1">
			<ip>70.26.234.19</ip>
		</addressList>
		<totalCurrency>0</totalCurrency>
		<sovereigns>0</sovereigns>
		<Transferts count="0" />
	</account>
	<account>
		<username>Eduardo</username>
		<password>Flecheorion34</password>
		<created>2024-07-13T14:19:14.954307Z</created>
		<lastLogin>2024-08-04T21:16:32.5925197Z</lastLogin>
		<totalGameTime>P1DT3H14M45.9596132S</totalGameTime>
		<chars>
			<char index="0">334</char>
		</chars>
		<addressList count="1">
			<ip>147.253.50.176</ip>
		</addressList>
		<totalCurrency>0</totalCurrency>
		<sovereigns>0</sovereigns>
		<Transferts count="0" />
	</account>
	<account>
		<username>xwolfx</username>
		<password>31127587</password>
		<created>2024-07-13T15:48:10.2685555Z</created>
		<lastLogin>2024-07-21T23:33:20.5386854Z</lastLogin>
		<totalGameTime>PT2H2M48.4287795S</totalGameTime>
		<chars>
			<char index="0">473</char>
		</chars>
		<addressList count="1">
			<ip>104.221.119.110</ip>
		</addressList>
		<totalCurrency>0</totalCurrency>
		<sovereigns>0</sovereigns>
		<Transferts count="0" />
	</account>
	<account>
		<username>N2</username>
		<password>12345</password>
		<accessLevel>Owner</accessLevel>
		<created>2024-07-13T19:08:07.2398126Z</created>
		<lastLogin>2024-08-05T20:10:54.9619117Z</lastLogin>
		<totalGameTime>PT23H26M40.1774899S</totalGameTime>
		<chars>
			<char index="0">893</char>
		</chars>
		<addressList count="7">
			<ip>163.123.170.90</ip>
			<ip>163.123.168.65</ip>
			<ip>162.249.8.111</ip>
			<ip>163.123.169.224</ip>
			<ip>163.123.168.227</ip>
			<ip>162.249.8.85</ip>
			<ip>163.123.169.184</ip>
		</addressList>
		<totalCurrency>0</totalCurrency>
		<sovereigns>0</sovereigns>
		<Transferts count="0" />
	</account>
	<account>
		<username>Blueberry</username>
		<password>babushka</password>
		<created>2024-07-13T21:25:25.0973003Z</created>
		<lastLogin>2024-07-16T01:14:34.5995388Z</lastLogin>
		<totalGameTime>PT11H28M18.5030464S</totalGameTime>
		<chars>
			<char index="0">1355</char>
		</chars>
		<addressList count="1">
			<ip>47.230.158.124</ip>
		</addressList>
		<totalCurrency>0</totalCurrency>
		<sovereigns>0</sovereigns>
		<Transferts count="0" />
	</account>
	<account>
		<username>patate</username>
		<password>pouet</password>
		<flags>2</flags>
		<created>2024-07-14T01:56:45.03955Z</created>
		<lastLogin>2024-08-05T16:02:08.5197221Z</lastLogin>
		<totalGameTime>P4DT16H6M53.6996095S</totalGameTime>
		<chars>
			<char index="0">1698</char>
		</chars>
		<addressList count="2">
			<ip>173.178.116.151</ip>
			<ip>24.200.111.131</ip>
		</addressList>
		<totalCurrency>0</totalCurrency>
		<sovereigns>0</sovereigns>
		<Transferts count="0" />
	</account>
	<account>
		<username>Executeqc</username>
		<password>Polaris</password>
		<flags>2</flags>
		<created>2024-07-14T03:15:47.4918865Z</created>
		<lastLogin>2024-08-05T17:06:32.4735159Z</lastLogin>
		<totalGameTime>P3DT11H46M33.8982655S</totalGameTime>
		<chars>
			<char index="0">1860</char>
			<char index="1">557</char>
		</chars>
		<addressList count="1">
			<ip>24.203.172.216</ip>
		</addressList>
		<totalCurrency>0</totalCurrency>
		<sovereigns>0</sovereigns>
		<Transferts count="0" />
	</account>
	<account>
		<username>Tamaman</username>
		<password>Momomo1357!</password>
		<flags>2</flags>
		<created>2024-07-14T16:45:27.2187827Z</created>
		<lastLogin>2024-08-04T20:28:11.5664246Z</lastLogin>
		<totalGameTime>P2DT2H9M31.6658961S</totalGameTime>
		<chars>
			<char index="0">363</char>
			<char index="1">360</char>
		</chars>
		<addressList count="28">
			<ip>184.162.48.182</ip>
			<ip>185.193.64.89</ip>
			<ip>185.199.101.56</ip>
			<ip>70.55.163.129</ip>
			<ip>185.213.80.67</ip>
			<ip>45.88.190.64</ip>
			<ip>45.88.190.17</ip>
			<ip>74.15.140.131</ip>
			<ip>45.88.190.115</ip>
			<ip>45.88.190.142</ip>
			<ip>45.88.190.139</ip>
			<ip>45.88.190.138</ip>
			<ip>185.193.64.222</ip>
			<ip>185.213.80.140</ip>
			<ip>185.199.101.139</ip>
			<ip>45.88.190.170</ip>
			<ip>185.193.64.248</ip>
			<ip>185.193.64.187</ip>
			<ip>185.199.101.148</ip>
			<ip>185.199.101.151</ip>
			<ip>185.199.101.115</ip>
			<ip>185.199.101.163</ip>
			<ip>185.199.101.7</ip>
			<ip>185.199.101.2</ip>
			<ip>185.193.64.109</ip>
			<ip>185.199.101.221</ip>
			<ip>185.193.64.215</ip>
			<ip>185.193.64.210</ip>
		</addressList>
		<totalCurrency>0</totalCurrency>
		<sovereigns>0</sovereigns>
		<Transferts count="0" />
	</account>
	<account>
		<username>Blue</username>
		<password>Carotte2024!</password>
		<created>2024-07-14T23:35:55.1379169Z</created>
		<lastLogin>2024-08-03T23:50:39.1884903Z</lastLogin>
		<totalGameTime>PT13H53M53.3798442S</totalGameTime>
		<chars>
			<char index="0">760</char>
		</chars>
		<addressList count="1">
			<ip>162.156.193.103</ip>
		</addressList>
		<totalCurrency>0</totalCurrency>
		<sovereigns>0</sovereigns>
		<Transferts count="0" />
	</account>
	<account>
		<username>Rezael</username>
		<password>Kelvar19</password>
		<flags>2</flags>
		<created>2024-07-15T00:00:13.9235666Z</created>
		<lastLogin>2024-08-05T18:28:12.9707548Z</lastLogin>
		<totalGameTime>P3DT15H20M17.0034487S</totalGameTime>
		<chars>
			<char index="0">882</char>
		</chars>
		<addressList count="4">
			<ip>74.57.0.63</ip>
			<ip>76.71.127.46</ip>
			<ip>76.71.127.47</ip>
			<ip>184.144.237.234</ip>
		</addressList>
		<totalCurrency>0</totalCurrency>
		<sovereigns>0</sovereigns>
		<Transferts count="0" />
	</account>
	<account>
		<username>Swindy</username>
		<password>kermina</password>
		<created>2024-07-15T00:53:56.7070291Z</created>
		<lastLogin>2024-07-20T01:44:29.9772706Z</lastLogin>
		<totalGameTime>PT3H32M43.5001945S</totalGameTime>
		<chars>
			<char index="0">1065</char>
		</chars>
		<addressList count="1">
			<ip>207.134.184.91</ip>
		</addressList>
		<totalCurrency>0</totalCurrency>
		<sovereigns>0</sovereigns>
		<Transferts count="0" />
	</account>
	<account>
		<username>Lionheart</username>
		<password>71701Kev</password>
		<created>2024-07-15T01:23:25.4312128Z</created>
		<lastLogin>2024-07-26T02:17:07.6644037Z</lastLogin>
		<totalGameTime>PT16H44M13.285759S</totalGameTime>
		<chars>
			<char index="0">1094</char>
		</chars>
		<addressList count="2">
			<ip>57.134.54.103</ip>
			<ip>76.65.253.137</ip>
		</addressList>
		<totalCurrency>0</totalCurrency>
		<sovereigns>0</sovereigns>
		<Transferts count="0" />
	</account>
	<account>
		<username>Bobbey</username>
		<password>Cr?me99</password>
		<created>2024-07-15T03:27:48.7395321Z</created>
		<lastLogin>2024-07-22T03:34:39.1196228Z</lastLogin>
		<totalGameTime>PT7H52M25.4325525S</totalGameTime>
		<chars>
			<char index="0">1247</char>
		</chars>
		<addressList count="2">
			<ip>70.29.253.152</ip>
			<ip>70.29.253.240</ip>
		</addressList>
		<totalCurrency>0</totalCurrency>
		<sovereigns>0</sovereigns>
		<Transferts count="0" />
	</account>
	<account>
		<username>bstar06</username>
		<password>71392</password>
		<created>2024-07-15T10:08:29.7487755Z</created>
		<lastLogin>2024-07-15T10:25:15.569314Z</lastLogin>
		<totalGameTime>PT21M2.6872187S</totalGameTime>
		<chars>
			<char index="0">779</char>
		</chars>
		<addressList count="1">
			<ip>137.175.244.62</ip>
		</addressList>
		<totalCurrency>0</totalCurrency>
		<sovereigns>0</sovereigns>
		<Transferts count="0" />
	</account>
	<account>
		<username>rizzen</username>
		<password>pepsi123</password>
		<flags>2</flags>
		<created>2024-07-16T04:47:37.8974765Z</created>
		<lastLogin>2024-08-05T15:41:21.1202492Z</lastLogin>
		<totalGameTime>P2DT6H35M24.5629968S</totalGameTime>
		<chars>
			<char index="0">412</char>
			<char index="1">54</char>
		</chars>
		<comments>
			<comment addedBy="System" lastModified="2024-07-17T02:56:05.112863Z">Character #1 0x32F "Bartukhan" deleted by 174.94.88.118</comment>
			<comment addedBy="System" lastModified="2024-07-19T05:00:07.8665385Z">Character #2 0x48C "Alpheios" deleted by 174.94.88.118</comment>
			<comment addedBy="System" lastModified="2024-07-19T05:16:36.9241402Z">Character #1 0x341 "Batukhan" deleted by 174.94.88.118</comment>
		</comments>
		<addressList count="1">
			<ip>174.94.88.118</ip>
		</addressList>
		<totalCurrency>0</totalCurrency>
		<sovereigns>0</sovereigns>
		<Transferts count="1">
			<Transfert>
				<Serial>0</Serial>
				<Name>Bartukhan</Name>
				<Experience>1</Experience>
				<ExperienceRP>0</ExperienceRP>
			</Transfert>
		</Transferts>
	</account>
	<account>
		<username>dagorhir</username>
		<password>coockie</password>
		<created>2024-07-18T14:24:46.7347803Z</created>
		<lastLogin>2024-07-18T21:35:01.9400199Z</lastLogin>
		<totalGameTime>PT3H26M43.1753684S</totalGameTime>
		<chars>
			<char index="0">842</char>
		</chars>
		<addressList count="1">
			<ip>107.171.227.57</ip>
		</addressList>
		<totalCurrency>0</totalCurrency>
		<sovereigns>0</sovereigns>
		<Transferts count="0" />
	</account>
	<account>
		<username>Penny</username>
		<password>lopi</password>
		<created>2024-07-18T15:28:46.0050381Z</created>
		<lastLogin>2024-07-31T16:26:07.5974699Z</lastLogin>
		<totalGameTime>P1DT2H37M52.7955909S</totalGameTime>
		<chars>
			<char index="0">859</char>
		</chars>
		<addressList count="5">
			<ip>93.190.138.195</ip>
			<ip>74.59.151.130</ip>
			<ip>96.22.27.111</ip>
			<ip>147.253.34.22</ip>
			<ip>143.244.44.172</ip>
		</addressList>
		<totalCurrency>0</totalCurrency>
		<sovereigns>0</sovereigns>
		<Transferts count="0" />
	</account>
	<account>
		<username>Hebius</username>
		<password>Letroll</password>
		<flags>2</flags>
		<created>2024-07-18T16:20:38.351494Z</created>
		<lastLogin>2024-08-05T19:43:03.1202645Z</lastLogin>
		<totalGameTime>P2DT13H52M39.671712S</totalGameTime>
		<chars>
			<char index="0">4983</char>
			<char index="1">648</char>
		</chars>
		<comments>
			<comment addedBy="System" lastModified="2024-07-20T02:30:54.6612316Z">Character #1 0x442 "Lenkay" deleted by 176.134.213.22</comment>
			<comment addedBy="System" lastModified="2024-07-20T05:50:27.3373124Z">Character #1 0x513 "Lenkay" deleted by 176.134.213.22</comment>
			<comment addedBy="System" lastModified="2024-07-28T16:21:00.6757088Z">Character #1 0xBD9 "Lenkay" deleted by 212.195.255.124</comment>
		</comments>
		<addressList count="12">
			<ip>176.134.213.5</ip>
			<ip>176.134.213.22</ip>
			<ip>212.195.255.124</ip>
			<ip>212.195.254.165</ip>
			<ip>212.195.254.238</ip>
			<ip>176.134.213.62</ip>
			<ip>89.86.2.34</ip>
			<ip>212.195.255.56</ip>
			<ip>176.134.213.84</ip>
			<ip>176.134.213.83</ip>
			<ip>212.195.255.211</ip>
			<ip>176.134.213.102</ip>
		</addressList>
		<totalCurrency>0</totalCurrency>
		<sovereigns>0</sovereigns>
		<Transferts count="1">
			<Transfert>
				<Serial>0</Serial>
				<Name>Lenkay</Name>
				<Experience>3</Experience>
				<ExperienceRP>0</ExperienceRP>
			</Transfert>
		</Transferts>
	</account>
	<account>
		<username>SamG</username>
		<password>Namour29953</password>
		<flags>2</flags>
		<created>2024-07-18T20:55:17.9850246Z</created>
		<lastLogin>2024-08-05T15:03:49.98795Z</lastLogin>
		<totalGameTime>P7DT3H51M15.4170591S</totalGameTime>
		<chars>
			<char index="0">463</char>
		</chars>
		<addressList count="2">
			<ip>199.243.253.232</ip>
			<ip>38.39.120.68</ip>
		</addressList>
		<totalCurrency>0</totalCurrency>
		<sovereigns>0</sovereigns>
		<Transferts count="0" />
	</account>
	<account>
		<username>Septimus</username>
		<password>septimus</password>
		<created>2024-07-18T23:53:59.9658987Z</created>
		<lastLogin>2024-07-19T00:17:03.5073015Z</lastLogin>
		<totalGameTime>PT39M36.45275S</totalGameTime>
		<chars>
			<char index="0">1061</char>
		</chars>
		<addressList count="1">
			<ip>74.12.164.105</ip>
		</addressList>
		<totalCurrency>0</totalCurrency>
		<sovereigns>0</sovereigns>
		<Transferts count="0" />
	</account>
	<account>
		<username>Gargouille</username>
		<password>aaagip</password>
		<flags>2</flags>
		<created>2024-07-19T02:20:48.562749Z</created>
		<lastLogin>2024-08-05T09:28:26.8267509Z</lastLogin>
		<totalGameTime>P4DT13H25M24.0988428S</totalGameTime>
		<chars>
			<char index="0">1372</char>
		</chars>
		<comments>
			<comment addedBy="System" lastModified="2024-07-19T06:09:03.9933909Z">Character #1 0x1D8 "Nergui" deleted by 184.160.173.113</comment>
			<comment addedBy="System" lastModified="2024-07-19T08:24:00.4607201Z">Character #1 0x22E "Nergui" deleted by 184.160.173.113</comment>
			<comment addedBy="System" lastModified="2024-07-20T01:10:55.6596513Z">Character #1 0x331 "Nergui" deleted by 184.160.173.113</comment>
			<comment addedBy="System" lastModified="2024-07-20T02:53:28.605944Z">Character #1 0x45E "Nergui" deleted by 184.160.173.113</comment>
			<comment addedBy="System" lastModified="2024-07-20T05:39:55.8763513Z">Character #1 0x68B "Nergui" deleted by 184.160.173.113</comment>
			<comment addedBy="System" lastModified="2024-07-20T22:24:35.6751393Z">Character #1 0xAC4 "Nergui" deleted by 184.160.173.113</comment>
			<comment addedBy="System" lastModified="2024-07-21T01:24:15.0899684Z">Character #1 0xC6B "Kyrak" deleted by 184.160.173.113</comment>
			<comment addedBy="System" lastModified="2024-07-21T02:22:30.4871293Z">Character #1 0xD8D "Kyrak" deleted by 184.160.173.113</comment>
			<comment addedBy="System" lastModified="2024-07-21T02:27:36.2275157Z">Character #1 0xDEB "Kyrak" deleted by 184.160.173.113</comment>
			<comment addedBy="System" lastModified="2024-07-25T03:47:15.153Z">Character #1 0xDF1 "Kyrak" deleted by 184.160.173.113</comment>
			<comment addedBy="System" lastModified="2024-07-25T06:28:04.1679947Z">Character #1 0x141 "Caius Camillus" deleted by 184.160.173.113</comment>
			<comment addedBy="System" lastModified="2024-07-25T07:23:53.8599088Z">Character #1 0x239 "Caius Botanicus" deleted by 184.160.173.113</comment>
			<comment addedBy="System" lastModified="2024-07-25T07:27:07.829243Z">Character #1 0x2D1 "Caius Camillus" deleted by 184.160.173.113</comment>
			<comment addedBy="System" lastModified="2024-07-25T07:48:50.5489565Z">Character #1 0x2DA "Caius Camillus" deleted by 184.160.173.113</comment>
			<comment addedBy="System" lastModified="2024-07-26T02:34:39.9840642Z">Character #1 0x329 "Caius Camillus" deleted by 184.160.173.113</comment>
			<comment addedBy="System" lastModified="2024-07-31T00:07:41.9111319Z">Character #2 0x262 "Caius Camillus" deleted by 184.160.173.113</comment>
			<comment addedBy="System" lastModified="2024-07-31T01:37:33.2194989Z">Character #1 0x100 "Caius Botanicus" deleted by 184.160.173.113</comment>
		</comments>
		<addressList count="1">
			<ip>184.160.173.113</ip>
		</addressList>
		<totalCurrency>0</totalCurrency>
		<sovereigns>0</sovereigns>
		<Transferts count="1">
			<Transfert>
				<Serial>0</Serial>
				<Name>Caius Camillus</Name>
				<Experience>0</Experience>
				<ExperienceRP>0</ExperienceRP>
			</Transfert>
		</Transferts>
	</account>
	<account>
		<username>Loufou</username>
		<password>Xackrium2259</password>
		<created>2024-07-19T17:36:50.962921Z</created>
		<lastLogin>2024-07-19T20:03:59.8896257Z</lastLogin>
		<totalGameTime>PT2H46M21.8257587S</totalGameTime>
		<chars>
			<char index="0">220</char>
		</chars>
		<addressList count="1">
			<ip>82.120.235.79</ip>
		</addressList>
		<totalCurrency>0</totalCurrency>
		<sovereigns>0</sovereigns>
		<Transferts count="0" />
	</account>
	<account>
		<username>guillombe</username>
		<password>Teddy123</password>
		<created>2024-07-19T20:42:29.1648782Z</created>
		<lastLogin>2024-07-19T20:43:10.0281927Z</lastLogin>
		<totalGameTime>PT50M21.2804977S</totalGameTime>
		<chars>
			<char index="0">103</char>
		</chars>
		<addressList count="1">
			<ip>70.80.66.55</ip>
		</addressList>
		<totalCurrency>0</totalCurrency>
		<sovereigns>0</sovereigns>
		<Transferts count="0" />
	</account>
	<account>
		<username>Peny</username>
		<password>lopi</password>
		<created>2024-07-20T02:38:17.9735251Z</created>
		<lastLogin>2024-07-20T02:38:17.9735251Z</lastLogin>
		<totalGameTime>PT0S</totalGameTime>
		<chars />
		<addressList count="1">
			<ip>96.22.27.111</ip>
		</addressList>
		<totalCurrency>0</totalCurrency>
		<sovereigns>0</sovereigns>
		<Transferts count="0" />
	</account>
	<account>
		<username>Bibo</username>
		<password>G1Q1Q9</password>
		<created>2024-07-20T09:32:35.1796246Z</created>
		<lastLogin>2024-07-29T14:22:45.0636238Z</lastLogin>
		<totalGameTime>PT4H3.8131888S</totalGameTime>
		<chars>
			<char index="0">6403</char>
			<char index="1">3289</char>
		</chars>
		<comments>
			<comment addedBy="System" lastModified="2024-07-20T10:06:19.6585173Z">Character #1 0xCAD "Iacobus" deleted by 76.69.240.7</comment>
			<comment addedBy="System" lastModified="2024-07-20T11:28:58.6624262Z">Character #2 0xCCA "Iacobus" deleted by 76.69.240.7</comment>
			<comment addedBy="System" lastModified="2024-07-29T14:22:25.2986819Z">Character #1 0xCBC "Hercule" deleted by 76.67.206.240</comment>
		</comments>
		<addressList count="2">
			<ip>76.69.240.7</ip>
			<ip>76.67.206.240</ip>
		</addressList>
		<totalCurrency>0</totalCurrency>
		<sovereigns>0</sovereigns>
		<Transferts count="0" />
	</account>
	<account>
		<username>tigre</username>
		<password>marcelle21</password>
		<created>2024-07-21T12:43:36.3234516Z</created>
		<lastLogin>2024-07-21T18:49:46.1881348Z</lastLogin>
		<totalGameTime>PT17M8.6529673S</totalGameTime>
		<chars>
			<char index="0">4040</char>
		</chars>
		<addressList count="1">
			<ip>69.173.135.226</ip>
		</addressList>
		<totalCurrency>0</totalCurrency>
		<sovereigns>0</sovereigns>
		<Transferts count="0" />
	</account>
	<account>
		<username>Kyssni</username>
		<password>Lashape11</password>
		<flags>2</flags>
		<created>2024-07-21T21:19:09.5828392Z</created>
		<lastLogin>2024-08-03T18:46:18.7348073Z</lastLogin>
		<totalGameTime>P2DT2H32M22.7492564S</totalGameTime>
		<chars>
			<char index="0">4708</char>
		</chars>
		<addressList count="13">
			<ip>129.45.20.0</ip>
			<ip>129.45.26.108</ip>
			<ip>41.220.152.163</ip>
			<ip>129.45.101.85</ip>
			<ip>129.45.107.136</ip>
			<ip>129.45.96.124</ip>
			<ip>129.45.97.134</ip>
			<ip>129.45.55.93</ip>
			<ip>129.45.101.142</ip>
			<ip>129.45.54.244</ip>
			<ip>129.45.100.155</ip>
			<ip>129.45.54.236</ip>
			<ip>129.45.50.52</ip>
		</addressList>
		<totalCurrency>0</totalCurrency>
		<sovereigns>0</sovereigns>
		<Transferts count="0" />
	</account>
	<account>
		<username>Peni</username>
		<password>lopi</password>
		<created>2024-07-22T02:17:57.6427831Z</created>
		<lastLogin>2024-07-22T02:17:57.6427831Z</lastLogin>
		<totalGameTime>PT0S</totalGameTime>
		<chars />
		<addressList count="1">
			<ip>74.59.151.130</ip>
		</addressList>
		<totalCurrency>0</totalCurrency>
		<sovereigns>0</sovereigns>
		<Transferts count="0" />
	</account>
	<account>
		<username>Ink</username>
		<password>tyty06</password>
		<created>2024-07-22T21:17:09.3605801Z</created>
		<lastLogin>2024-07-27T00:13:38.6959218Z</lastLogin>
		<totalGameTime>PT1H3M28.4813157S</totalGameTime>
		<chars>
			<char index="0">759</char>
		</chars>
		<addressList count="1">
			<ip>91.171.136.230</ip>
		</addressList>
		<totalCurrency>0</totalCurrency>
		<sovereigns>0</sovereigns>
		<Transferts count="0" />
	</account>
	<account>
		<username>noroleplay</username>
		<password>1234</password>
		<created>2024-07-23T18:21:13.8148517Z</created>
		<lastLogin>2024-07-23T18:21:31.7469155Z</lastLogin>
		<totalGameTime>PT39M10.9601481S</totalGameTime>
		<chars>
			<char index="0">624</char>
		</chars>
		<addressList count="1">
			<ip>217.23.3.96</ip>
		</addressList>
		<totalCurrency>0</totalCurrency>
		<sovereigns>0</sovereigns>
		<Transferts count="0" />
	</account>
	<account>
		<username>Ariberg</username>
		<password>8Ai2Gle</password>
		<created>2024-07-25T00:29:21.2806873Z</created>
		<lastLogin>2024-07-26T19:34:53.3769651Z</lastLogin>
		<totalGameTime>PT7H5M43.6738599S</totalGameTime>
		<chars>
			<char index="0">656</char>
		</chars>
		<addressList count="1">
			<ip>70.29.253.240</ip>
		</addressList>
		<totalCurrency>0</totalCurrency>
		<sovereigns>0</sovereigns>
		<Transferts count="0" />
	</account>
	<account>
		<username>Wooki</username>
		<password>Ec0Alpha!</password>
		<created>2024-07-26T02:03:30.9477257Z</created>
		<lastLogin>2024-07-26T02:03:30.9477257Z</lastLogin>
		<totalGameTime>PT0S</totalGameTime>
		<chars />
		<addressList count="1">
			<ip>76.71.147.224</ip>
		</addressList>
		<totalCurrency>0</totalCurrency>
		<sovereigns>0</sovereigns>
		<Transferts count="0" />
	</account>
	<account>
		<username>Menilmontant</username>
		<password>Strelets123</password>
		<created>2024-07-26T19:32:32.8862153Z</created>
		<lastLogin>2024-07-26T19:35:15.909764Z</lastLogin>
		<totalGameTime>PT28M8.7961995S</totalGameTime>
		<chars>
			<char index="0">59</char>
		</chars>
		<addressList count="1">
			<ip>24.122.35.222</ip>
		</addressList>
		<totalCurrency>0</totalCurrency>
		<sovereigns>0</sovereigns>
		<Transferts count="0" />
	</account>
	<account>
		<username>Amazon</username>
		<password>bonbon00</password>
		<created>2024-07-27T14:33:42.4207153Z</created>
		<lastLogin>2024-08-04T19:59:44.5514729Z</lastLogin>
		<totalGameTime>PT5H32M16.1687232S</totalGameTime>
		<chars>
			<char index="0">812</char>
		</chars>
		<addressList count="1">
			<ip>96.21.164.124</ip>
		</addressList>
		<totalCurrency>0</totalCurrency>
		<sovereigns>0</sovereigns>
		<Transferts count="0" />
	</account>
	<account>
		<username>velogris24</username>
		<password>miropois17</password>
		<created>2024-07-31T22:13:08.2853308Z</created>
		<lastLogin>2024-07-31T22:13:08.2853308Z</lastLogin>
		<totalGameTime>PT0S</totalGameTime>
		<chars />
		<addressList count="1">
			<ip>174.94.77.86</ip>
		</addressList>
		<totalCurrency>0</totalCurrency>
		<sovereigns>0</sovereigns>
		<Transferts count="0" />
	</account>
	<account>
		<username>Evrard</username>
		<password>Miouchara57</password>
		<created>2024-08-02T18:52:24.4110213Z</created>
		<lastLogin>2024-08-05T10:33:12.5501616Z</lastLogin>
		<totalGameTime>PT1H55M54.5129199S</totalGameTime>
		<chars>
			<char index="0">9843</char>
		</chars>
		<comments>
			<comment addedBy="System" lastModified="2024-08-04T21:17:25.6893439Z">Character #1 0x2243 "Grid" deleted by 88.182.184.193</comment>
		</comments>
		<addressList count="1">
			<ip>88.182.184.193</ip>
		</addressList>
		<totalCurrency>0</totalCurrency>
		<sovereigns>0</sovereigns>
		<Transferts count="1">
			<Transfert>
				<Serial>0</Serial>
				<Name>Grid</Name>
				<Experience>1</Experience>
				<ExperienceRP>0</ExperienceRP>
			</Transfert>
		</Transferts>
	</account>
	<account>
		<username>Clvoer</username>
		<password>Banane</password>
		<created>2024-08-04T13:36:23.974736Z</created>
		<lastLogin>2024-08-04T13:36:23.974736Z</lastLogin>
		<totalGameTime>PT0S</totalGameTime>
		<chars />
		<addressList count="1">
			<ip>38.23.227.78</ip>
		</addressList>
		<totalCurrency>0</totalCurrency>
		<sovereigns>0</sovereigns>
		<Transferts count="0" />
	</account>
</accounts>