2022-07-19 08:50:28,Faustus Caelius,8000

2022-07-26 11:00:24,Faustus Caelius,8000

2022-08-02 08:46:25,Shorram Al'Aram,8000

2022-08-09 08:51:35,Shorram Al'Aram,8000

2022-08-16 08:49:36,Shorram Al'Aram,8000

2022-08-23 08:46:55,Shorram Al'Aram,12000

2022-08-23 08:50:10,Shorram Al'Aram,12000

2022-08-23 09:00:24,Shorram Al'Aram,12000

2022-08-23 09:01:12,Shorram Al'Aram,12000

2022-08-23 09:11:25,Shorram Al'Aram,12000

2022-08-23 09:21:37,Shorram Al'Aram,12000

2022-08-23 09:31:50,Shorram Al'Aram,12000

2022-08-23 09:42:02,Shorram Al'Aram,12000

2022-08-23 09:52:15,Shorram Al'Aram,12000

2022-08-23 10:02:28,Shorram Al'Aram,12000

2022-08-23 10:12:40,Shorram Al'Aram,12000

2022-08-23 10:22:52,Shorram Al'Aram,12000

2022-08-23 10:33:05,Shorram Al'Aram,12000

2022-08-23 10:43:17,Shorram Al'Aram,12000

2022-08-23 10:53:29,Shorram Al'Aram,12000

2022-08-23 11:03:42,Shorram Al'Aram,12000

2022-08-23 11:13:54,Shorram Al'Aram,12000

2022-08-23 11:24:07,Shorram Al'Aram,12000

2022-08-24 08:41:13,Shorram Al'Aram,12000

2023-12-28 20:03:29,Shorram Al'Aram,12000

2023-12-29 00:07:03,Shorram Al'Aram,12000

2024-07-23 16:38:17,Shorram Al'Aram,4000

2024-07-30 16:36:03,Shorram Al'Aram,4000

2024-08-06 16:36:47,Shorram Al'Aram,4000

2024-08-13 16:40:46,Shorram Al'Aram,4000

2024-08-20 16:35:03,Shorram Al'Aram,4000

2024-08-27 16:35:48,Shorram Al'Aram,4000

2024-08-27 16:35:48,Quintis Antonius Glavius,5000

2024-09-03 16:37:10,Shorram Al'Aram,8000

2024-09-03 16:37:10,Quintis Antonius Glavius,5000

2024-09-10 16:40:31,Shorram Al'Aram,8000

2024-09-10 16:40:31,Quintis Antonius Glavius,5000

2024-09-17 18:06:58,Shorram Al'Aram,10000

2024-09-17 18:06:58,Quintis Antonius Glavius,5000

2024-09-24 16:40:20,Shorram Al'Aram,10000

2024-09-24 16:40:20,Quintis Antonius Glavius,2000

