2022-07-12 08:49:09,Korine Valerius Severius,8000

2022-07-19 08:50:28,Korine Valerius Severius,8000

2022-07-26 11:00:24,Korine Valerius Severius,12000

2022-08-02 08:46:25,Korine Valerius Severius,12000

2022-08-09 08:51:35,Korine Valerius Severius,12000

2022-08-16 08:49:36,Korine Valerius Severius,12000

2022-08-23 08:46:55,Korine Valerius Severius,12000

2022-08-23 08:50:10,Korine Valerius Severius,12000

2022-08-23 09:00:24,Korine Valerius Severius,12000

2022-08-23 09:01:12,Korine Valerius Severius,12000

2022-08-23 09:11:25,Korine Valerius Severius,12000

2022-08-23 09:21:37,Korine Valerius Severius,12000

2022-08-23 09:31:50,Korine Valerius Severius,12000

2022-08-23 09:42:02,Korine Valerius Severius,12000

2022-08-23 09:52:15,Korine Valerius Severius,12000

2022-08-23 10:02:28,Korine Valerius Severius,12000

2022-08-23 10:12:40,Korine Valerius Severius,12000

2022-08-23 10:22:52,Korine Valerius Severius,12000

2022-08-23 10:33:05,Korine Valerius Severius,12000

2022-08-23 10:43:17,Korine Valerius Severius,12000

2022-08-23 10:53:29,Korine Valerius Severius,12000

2022-08-23 11:03:42,Korine Valerius Severius,12000

2022-08-23 11:13:54,Korine Valerius Severius,12000

2022-08-23 11:24:07,Korine Valerius Severius,12000

2022-08-24 08:41:13,Korine Valerius Severius,12000

2023-12-28 20:03:29,Korine Valerius Severius,12000

2023-12-29 00:07:03,Korine Valerius Severius,12000

