2022-07-26 11:00:24,Fausta Valerius Severius,8000

2022-08-02 08:46:25,Fausta Valerius Severius,8000

2022-08-09 08:51:35,Jasmina Ashoula,8000

2022-08-16 08:49:36,Jasmina Ashoula,8000

2022-08-23 08:46:55,Jasmina Ashoula,8000

2022-08-23 08:46:55,Jasmina Ashoula,4000

2022-08-23 08:50:10,Jasmina Ashoula,8000

2022-08-23 08:50:10,Jasmina Ashoula,4000

2022-08-23 09:00:24,Jasmina Ashoula,8000

2022-08-23 09:00:24,Jasmina Ashoula,4000

2022-08-23 09:01:12,Jasmina Ashoula,8000

2022-08-23 09:01:12,Jasmina Ashoula,4000

2022-08-23 09:11:25,Jasmina Ashoula,8000

2022-08-23 09:11:25,Jasmina Ashoula,4000

2022-08-23 09:21:37,Jasmina Ashoula,8000

2022-08-23 09:21:37,Jasmina Ashoula,4000

2022-08-23 09:31:50,Jasmina Ashoula,8000

2022-08-23 09:31:50,Jasmina Ashoula,4000

2022-08-23 09:42:02,Jasmina Ashoula,8000

2022-08-23 09:42:02,Jasmina Ashoula,4000

2022-08-23 09:52:15,Jasmina Ashoula,8000

2022-08-23 09:52:15,Jasmina Ashoula,4000

2022-08-23 10:02:28,Jasmina Ashoula,8000

2022-08-23 10:02:28,Jasmina Ashoula,4000

2022-08-23 10:12:40,Jasmina Ashoula,8000

2022-08-23 10:12:40,Jasmina Ashoula,4000

2022-08-23 10:22:52,Jasmina Ashoula,8000

2022-08-23 10:22:52,Jasmina Ashoula,4000

2022-08-23 10:33:05,Jasmina Ashoula,8000

2022-08-23 10:33:05,Jasmina Ashoula,4000

2022-08-23 10:43:17,Jasmina Ashoula,8000

2022-08-23 10:43:17,Jasmina Ashoula,4000

2022-08-23 10:53:29,Jasmina Ashoula,8000

2022-08-23 10:53:29,Jasmina Ashoula,4000

2022-08-23 11:03:42,Jasmina Ashoula,8000

2022-08-23 11:03:42,Jasmina Ashoula,4000

2022-08-23 11:13:54,Jasmina Ashoula,8000

2022-08-23 11:13:54,Jasmina Ashoula,4000

2022-08-23 11:24:07,Jasmina Ashoula,8000

2022-08-23 11:24:07,Jasmina Ashoula,4000

2022-08-24 08:41:13,Fausta Valerius Severius,8000

2022-08-24 08:41:13,Fausta Valerius Severius,4000

2023-12-28 20:03:29,Fausta Victorius,8000

2023-12-28 20:03:29,Fausta Victorius,4000

2023-12-28 20:46:54,Fausta Victorius,4000

2023-12-28 20:46:54,Fausta Victorius,8000

2023-12-28 20:56:54,Fausta Victorius,4000

2023-12-28 21:06:55,Fausta Victorius,4000

2023-12-28 21:06:55,Fausta Victorius,8000

2023-12-28 21:16:56,Fausta Victorius,4000

2023-12-28 21:26:56,Fausta Victorius,4000

2023-12-28 21:26:56,Fausta Victorius,8000

2023-12-28 21:36:56,Fausta Victorius,4000

2023-12-28 21:46:57,Fausta Victorius,4000

2023-12-28 21:46:57,Fausta Victorius,8000

2023-12-28 21:56:57,Fausta Victorius,4000

2023-12-28 22:06:57,Fausta Victorius,4000

2023-12-28 22:06:57,Fausta Victorius,8000

2023-12-28 22:16:58,Fausta Victorius,4000

2023-12-28 22:26:58,Fausta Victorius,4000

2023-12-28 22:26:58,Fausta Victorius,8000

2023-12-28 22:36:59,Fausta Victorius,4000

2023-12-28 22:46:59,Fausta Victorius,4000

2023-12-28 22:46:59,Fausta Victorius,8000

2023-12-28 22:56:59,Fausta Victorius,4000

2023-12-28 23:07:00,Fausta Victorius,4000

2023-12-28 23:07:00,Fausta Victorius,8000

2023-12-28 23:17:00,Fausta Victorius,4000

2023-12-28 23:27:01,Fausta Victorius,4000

2023-12-28 23:27:01,Fausta Victorius,8000

2023-12-28 23:37:01,Fausta Victorius,4000

2023-12-28 23:47:01,Fausta Victorius,4000

2023-12-28 23:47:01,Fausta Victorius,8000

2023-12-28 23:57:02,Fausta Victorius,4000

2023-12-29 00:07:03,Fausta Victorius,8000

2023-12-29 00:07:03,Fausta Victorius,4000

2023-12-29 00:17:03,Fausta Victorius,4000

2023-12-29 00:17:03,Fausta Victorius,8000

2023-12-29 00:27:04,Fausta Victorius,4000

2023-12-29 00:37:05,Fausta Victorius,4000

2023-12-29 00:37:05,Fausta Victorius,8000

2023-12-29 00:47:05,Fausta Victorius,4000

2023-12-29 00:57:06,Fausta Victorius,4000

2023-12-29 00:57:06,Fausta Victorius,8000

2023-12-29 01:07:06,Fausta Victorius,4000

2023-12-29 01:17:07,Fausta Victorius,4000

2023-12-29 01:17:07,Fausta Victorius,8000

2023-12-29 01:27:07,Fausta Victorius,4000

2023-12-29 01:37:07,Fausta Victorius,4000

2023-12-29 01:37:07,Fausta Victorius,8000

2023-12-29 01:47:08,Fausta Victorius,4000

2023-12-29 01:57:08,Fausta Victorius,4000

2023-12-29 01:57:08,Fausta Victorius,8000

2023-12-29 02:07:08,Fausta Victorius,4000

2023-12-29 02:17:08,Fausta Victorius,4000

2023-12-29 02:17:08,Fausta Victorius,8000

2023-12-29 02:27:09,Fausta Victorius,4000

2023-12-29 02:37:09,Fausta Victorius,4000

2023-12-29 02:37:09,Fausta Victorius,8000

2023-12-29 02:47:10,Fausta Victorius,4000

2023-12-29 02:57:10,Fausta Victorius,4000

2023-12-29 02:57:11,Fausta Victorius,8000

2023-12-29 03:07:11,Fausta Victorius,4000

2023-12-29 03:17:12,Fausta Victorius,4000

2023-12-29 03:17:12,Fausta Victorius,8000

2023-12-29 03:27:12,Fausta Victorius,4000

2023-12-29 03:37:12,Fausta Victorius,4000

2023-12-29 03:37:12,Fausta Victorius,8000

2023-12-29 03:47:13,Fausta Victorius,4000

2023-12-29 03:57:13,Fausta Victorius,4000

2023-12-29 03:57:13,Fausta Victorius,8000

2023-12-29 04:07:14,Fausta Victorius,4000

2023-12-29 04:17:14,Fausta Victorius,4000

2023-12-29 04:17:14,Fausta Victorius,8000

2023-12-29 04:27:14,Fausta Victorius,4000

2023-12-29 04:37:14,Fausta Victorius,4000

2023-12-29 04:37:14,Fausta Victorius,8000

2023-12-29 04:47:15,Fausta Victorius,4000

2023-12-29 04:57:16,Fausta Victorius,4000

2023-12-29 04:57:16,Fausta Victorius,8000

2023-12-29 05:07:16,Fausta Victorius,4000

2023-12-29 05:17:17,Fausta Victorius,4000

2023-12-29 05:17:17,Fausta Victorius,8000

2023-12-29 05:27:17,Fausta Victorius,4000

2023-12-29 05:37:17,Fausta Victorius,4000

2023-12-29 05:37:17,Fausta Victorius,8000

2023-12-29 05:47:18,Fausta Victorius,4000

2023-12-29 05:57:19,Fausta Victorius,4000

2023-12-29 05:57:19,Fausta Victorius,8000

2023-12-29 06:07:20,Fausta Victorius,4000

2023-12-29 06:17:20,Fausta Victorius,4000

2023-12-29 06:17:20,Fausta Victorius,8000

2023-12-29 06:27:20,Fausta Victorius,4000

2023-12-29 06:37:20,Fausta Victorius,4000

2023-12-29 06:37:20,Fausta Victorius,8000

2023-12-29 06:47:21,Fausta Victorius,4000

2023-12-29 06:57:21,Fausta Victorius,4000

2023-12-29 06:57:21,Fausta Victorius,8000

2023-12-29 07:07:21,Fausta Victorius,4000

2023-12-29 07:17:21,Fausta Victorius,4000

2023-12-29 07:17:21,Fausta Victorius,8000

2023-12-29 07:27:22,Fausta Victorius,4000

2023-12-29 07:37:23,Fausta Victorius,4000

2023-12-29 07:37:23,Fausta Victorius,8000

2023-12-29 07:47:23,Fausta Victorius,4000

