2022-08-02 08:46:25,Kaelius Primus,8000

2022-08-09 08:51:35,Kaelius Primus,8000

2022-08-16 08:49:36,Kaelius Primus,8000

2022-08-23 08:46:55,Kaelius Primus,8000

2022-08-23 08:50:10,Kaelius Primus,8000

2022-08-23 09:00:24,Kaelius Primus,8000

2022-08-23 09:01:12,Kaelius Primus,8000

2022-08-23 09:11:25,Kaelius Primus,8000

2022-08-23 09:21:37,Kaelius Primus,8000

2022-08-23 09:31:50,Kaelius Primus,8000

2022-08-23 09:42:02,Kaelius Primus,8000

2022-08-23 09:52:15,Kaelius Primus,8000

2022-08-23 10:02:28,Kaelius Primus,8000

2022-08-23 10:12:40,Kaelius Primus,8000

2022-08-23 10:22:52,Kaelius Primus,8000

2022-08-23 10:33:05,Kaelius Primus,8000

2022-08-23 10:43:17,Kaelius Primus,8000

2022-08-23 10:53:29,Kaelius Primus,8000

2022-08-23 11:03:42,Kaelius Primus,8000

2022-08-23 11:13:54,Kaelius Primus,8000

2022-08-23 11:24:07,Kaelius Primus,8000

2022-08-24 08:41:13,Laevius Lupus,8000

2023-12-28 20:03:29,Laevius Lupus,8000

2023-12-29 00:07:03,Laevius Lupus,8000

