2022-07-05 08:53:01,Maia Prima Tertia Aelius,8000

2022-07-12 08:49:09,Maia Prima Tertia Aelius,8000

2022-07-19 08:50:28,Maia Prima Tertia Aelius,8000

2022-07-26 11:00:24,Maia Prima Tertia Aelius,8000

2022-08-02 08:46:25,Maia Prima Tertia Aelius,8000

2022-08-02 08:46:25,Anna Sveinsdottir,4000

2022-08-09 08:51:35,Maia Prima Tertia Aelius,12000

2022-08-09 08:51:35,Anna Sveinsdottir,4000

2022-08-16 08:49:36,Maia Prima Tertia Aelius,12000

2022-08-16 08:49:36,Anna Sveinsdottir,4000

2022-08-23 08:46:55,Maia Prima Tertia Aelius,12000

2022-08-23 08:50:10,Maia Prima Tertia Aelius,12000

2022-08-23 09:00:24,Maia Prima Tertia Aelius,12000

2022-08-23 09:01:12,Maia Prima Tertia Aelius,12000

2022-08-23 09:11:25,Maia Prima Tertia Aelius,12000

2022-08-23 09:21:37,Maia Prima Tertia Aelius,12000

2022-08-23 09:31:50,Maia Prima Tertia Aelius,12000

2022-08-23 09:42:02,Maia Prima Tertia Aelius,12000

2022-08-23 09:52:15,Maia Prima Tertia Aelius,12000

2022-08-23 10:02:28,Maia Prima Tertia Aelius,12000

2022-08-23 10:12:40,Maia Prima Tertia Aelius,12000

2022-08-23 10:22:52,Maia Prima Tertia Aelius,12000

2022-08-23 10:33:05,Maia Prima Tertia Aelius,12000

2022-08-23 10:43:17,Maia Prima Tertia Aelius,12000

2022-08-23 10:53:29,Maia Prima Tertia Aelius,12000

2022-08-23 11:03:42,Maia Prima Tertia Aelius,12000

2022-08-23 11:13:54,Maia Prima Tertia Aelius,12000

2022-08-23 11:24:07,Maia Prima Tertia Aelius,12000

2022-08-24 08:41:13,Maia Prima Tertia Aelius,12000

2022-08-24 08:41:13,Anna Sveinsdottir,4000

2023-12-28 20:03:29,Maia Prima Tertia Aelius,12000

2023-12-28 20:03:29,Anna Sveinsdottir,4000

2023-12-29 00:07:03,Maia Prima Tertia Aelius,12000

2023-12-29 00:07:03,Anna Sveinsdottir,4000

