2022-08-02 08:46:25,Camilla DeSantos,8000

2022-08-09 08:51:35,Camilla DeSantos,8000

2022-08-16 08:49:36,Camilla DeSantos,8000

2022-08-23 08:46:55,Camilla DeSantos,4000

2022-08-23 08:50:10,Camilla DeSantos,4000

2022-08-23 09:00:24,Camilla DeSantos,4000

2022-08-23 09:01:12,Camilla DeSantos,4000

2022-08-23 09:11:25,Camilla DeSantos,4000

2022-08-23 09:21:37,Camilla DeSantos,4000

2022-08-23 09:31:50,Camilla DeSantos,4000

2022-08-23 09:42:02,Camilla DeSantos,4000

2022-08-23 09:52:15,Camilla DeSantos,4000

2022-08-23 10:02:28,Camilla DeSantos,4000

2022-08-23 10:12:40,Camilla DeSantos,4000

2022-08-23 10:22:52,Camilla DeSantos,4000

2022-08-23 10:33:05,Camilla DeSantos,4000

2022-08-23 10:43:17,Camilla DeSantos,4000

2022-08-23 10:53:29,Camilla DeSantos,4000

2022-08-23 11:03:42,Camilla DeSantos,4000

2022-08-23 11:13:54,Camilla DeSantos,4000

2022-08-23 11:24:07,Camilla DeSantos,4000

2022-08-24 08:41:13,Herleif Jari,4000

2023-12-28 20:03:29,Herleif Jari,4000

2023-12-29 00:07:03,Herleif Jari,4000

