2022-07-12 08:49:09,Icilia Corvalius,8000

2022-07-12 08:49:09,Youssralima,8000

2022-07-19 08:50:28,Icilia Corvalius,12000

2022-07-19 08:50:28,Youssralima,8000

2022-07-26 11:00:24,Icilia Corvalius,16000

2022-07-26 11:00:24,Youssralima,12000

2022-08-02 08:46:25,Icilia Corvalius,16000

2022-08-02 08:46:25,Youssralima,12000

2022-08-09 08:51:35,Icilia Corvalius,16000

2022-08-09 08:51:35,Youssralima,12000

2022-08-16 08:49:36,Icilia Corvalius,16000

2022-08-16 08:49:36,Youssralima,12000

2022-08-23 08:46:55,Icilia Corvalius,16000

2022-08-23 08:46:55,Youssralima,12000

2022-08-23 08:50:10,Icilia Corvalius,16000

2022-08-23 08:50:10,Youssralima,12000

2022-08-23 09:00:24,Icilia Corvalius,16000

2022-08-23 09:00:24,Youssralima,12000

2022-08-23 09:01:12,Icilia Corvalius,16000

2022-08-23 09:01:12,Youssralima,12000

2022-08-23 09:11:25,Icilia Corvalius,16000

2022-08-23 09:11:25,Youssralima,12000

2022-08-23 09:21:37,Icilia Corvalius,16000

2022-08-23 09:21:37,Youssralima,12000

2022-08-23 09:31:50,Icilia Corvalius,16000

2022-08-23 09:31:50,Youssralima,12000

2022-08-23 09:42:02,Icilia Corvalius,16000

2022-08-23 09:42:02,Youssralima,12000

2022-08-23 09:52:15,Icilia Corvalius,16000

2022-08-23 09:52:15,Youssralima,12000

2022-08-23 10:02:28,Icilia Corvalius,16000

2022-08-23 10:02:28,Youssralima,12000

2022-08-23 10:12:40,Icilia Corvalius,16000

2022-08-23 10:12:40,Youssralima,12000

2022-08-23 10:22:52,Icilia Corvalius,16000

2022-08-23 10:22:52,Youssralima,12000

2022-08-23 10:33:05,Icilia Corvalius,16000

2022-08-23 10:33:05,Youssralima,12000

2022-08-23 10:43:17,Icilia Corvalius,16000

2022-08-23 10:43:17,Youssralima,12000

2022-08-23 10:53:29,Icilia Corvalius,16000

2022-08-23 10:53:29,Youssralima,12000

2022-08-23 11:03:42,Icilia Corvalius,16000

2022-08-23 11:03:42,Youssralima,12000

2022-08-23 11:13:54,Icilia Corvalius,16000

2022-08-23 11:13:54,Youssralima,12000

2022-08-23 11:24:07,Icilia Corvalius,16000

2022-08-23 11:24:07,Youssralima,12000

2022-08-24 08:41:13,Icilia Corvalius,16000

2022-08-24 08:41:13,Youssralima,12000

2023-12-28 20:03:29,Icilia Corvalius,16000

2023-12-28 20:03:29,Youssralima,12000

2023-12-29 00:07:03,Icilia Corvalius,16000

2023-12-29 00:07:03,Youssralima,12000

