2022-07-05 08:53:01,Adria Corvalius,8000

2022-07-12 08:49:09,Adria Corvalius,16000

2022-07-12 08:49:09,Opal Crowley,8000

2022-07-19 08:50:28,Adria Corvalius,12000

2022-07-19 08:50:28,Opal Crowley,8000

2022-07-26 11:00:24,Adria Corvalius,16000

2022-07-26 11:00:24,Opal Crowley,8000

2022-08-02 08:46:25,Adria Corvalius,16000

2022-08-02 08:46:25,Opal Crowley,8000

2022-08-09 08:51:35,Adria Corvalius,16000

2022-08-09 08:51:35,Opal Crowley,8000

2022-08-16 08:49:36,Adria Corvalius,18000

2022-08-16 08:49:36,Opal Crowley,8000

2022-08-23 08:46:55,Adria Corvalius,18000

2022-08-23 08:50:10,Adria Corvalius,18000

2022-08-23 09:00:24,Adria Corvalius,18000

2022-08-23 09:01:12,Adria Corvalius,18000

2022-08-23 09:11:25,Adria Corvalius,18000

2022-08-23 09:21:37,Adria Corvalius,18000

2022-08-23 09:31:50,Adria Corvalius,18000

2022-08-23 09:42:02,Adria Corvalius,18000

2022-08-23 09:52:15,Adria Corvalius,18000

2022-08-23 10:02:28,Adria Corvalius,18000

2022-08-23 10:12:40,Adria Corvalius,18000

2022-08-23 10:22:52,Adria Corvalius,18000

2022-08-23 10:33:05,Adria Corvalius,18000

2022-08-23 10:43:17,Adria Corvalius,18000

2022-08-23 10:53:29,Adria Corvalius,18000

2022-08-23 11:03:42,Adria Corvalius,18000

2022-08-23 11:13:54,Adria Corvalius,18000

2022-08-23 11:24:07,Adria Corvalius,18000

2022-08-24 08:41:13,Adria Corvalius,18000

2023-12-28 20:03:29,Adria Corvalius,18000

2023-12-29 00:07:03,Adria Corvalius,18000

2024-07-16 16:38:41,Primulia Florius,2000

2024-07-23 16:38:17,Farwolaeth Brann,2000

2024-07-23 16:38:17,Primulia Florius,4000

2024-07-30 16:36:03,Zuthilth Vurmis,2000

2024-07-30 16:36:03,Primulia Florius,4000

2024-08-06 16:36:47,Zuthilth Vurmis,2000

2024-08-06 16:36:47,Primulia Florius,8000

2024-08-13 16:40:46,Zuthilth Vurmis,2000

2024-08-13 16:40:46,Primulia Florius,8000

2024-08-20 16:35:03,Zuthilth Vurmis,2000

2024-08-20 16:35:03,Primulia Florius,8000

2024-08-27 16:35:48,Zuthilth Vurmis,2000

2024-08-27 16:35:48,Primulia Florius,8000

2024-09-03 16:37:10,Zuthilth Vurmis,2000

2024-09-03 16:37:10,Primulia Florius,8000

2024-09-10 16:40:31,Primulia Florius,8000

2024-09-17 18:06:58,Primulia Florius,10000

2024-09-24 16:40:20,Primulia Florius,10000

