2024-07-23 16:38:17,Lucius Maelius Alvarez,4000

2024-07-30 16:36:03,Lucius Maelius Alvarez,8000

2024-08-06 16:36:47,Lucius Maelius Alvarez,8000

2024-08-13 16:40:46,Lucius Maelius Alvarez,8000

2024-08-20 16:35:03,Lucius Maelius Alvarez,8000

2024-08-27 16:35:48,Lucius Maelius Alvarez,8000

2024-09-03 16:37:10,Lucius Maelius Alvarez,8000

2024-09-10 16:40:31,Lucius Maelius Alvarez,8000

2024-09-17 18:06:58,Lucius Maelius Alvarez,8000

2024-09-24 16:40:20,Lucius Maelius Alvarez,8000

