2022-08-09 08:51:35,Tiberius Valens,8000

2022-08-16 08:49:36,Tiberius Valens,8000

2022-08-23 08:46:55,Tiberius Valens,8000

2022-08-23 08:50:10,Tiberius Valens,8000

2022-08-23 09:00:24,Tiberius Valens,8000

2022-08-23 09:01:12,Tiberius Valens,8000

2022-08-23 09:11:25,Tiberius Valens,8000

2022-08-23 09:21:37,Tiberius Valens,8000

2022-08-23 09:31:50,Tiberius Valens,8000

2022-08-23 09:42:02,Tiberius Valens,8000

2022-08-23 09:52:15,Tiberius Valens,8000

2022-08-23 10:02:28,Tiberius Valens,8000

2022-08-23 10:12:40,Tiberius Valens,8000

2022-08-23 10:22:52,Tiberius Valens,8000

2022-08-23 10:33:05,Tiberius Valens,8000

2022-08-23 10:43:17,Tiberius Valens,8000

2022-08-23 10:53:29,Tiberius Valens,8000

2022-08-23 11:03:42,Tiberius Valens,8000

2022-08-23 11:13:54,Tiberius Valens,8000

2022-08-23 11:24:07,Tiberius Valens,8000

2022-08-24 08:41:13,Tiberius Valens,8000

2023-12-28 20:03:29,Tiberius Valens,8000

2023-12-29 00:07:03,Tiberius Valens,8000

