2024-07-16 16:38:41,Cyprianus Pretorius Bacchus,2000

2024-07-23 16:38:17,Cyprianus Pretorius Bacchus,4000

2024-07-30 16:36:03,Cyprianus Pretorius Bacchus,8000

2024-08-06 16:36:47,Cyprianus Pretorius Bacchus,10000

2024-08-13 16:40:46,Cyprianus Pretorius Bacchus,10000

2024-08-20 16:35:03,Cyprianus Pretorius Bacchus,10000

2024-08-27 16:35:48,Cyprianus Pretorius Bacchus,10000

2024-09-03 16:37:10,Cyprianus Pretorius Bacchus,10000

2024-09-10 16:40:31,Cyprianus Pretorius Bacchus,10000

2024-09-17 18:06:58,Cyprianus Pretorius Bacchus,8000

2024-09-24 16:40:20,Cyprianus Pretorius Bacchus,8000

