2022-07-19 08:50:28,Wilhelm Macksen,8000

2022-07-26 11:00:24,Wilhelm Macksen,8000

2022-08-02 08:46:25,Wilhelm Macksen,8000

2022-08-09 08:51:35,Wilhelm Macksen,12000

2022-08-16 08:49:36,Wilhelm Macksen,12000

2022-08-23 08:46:55,Wilhelm Macksen,12000

2022-08-23 08:50:10,Wilhelm Macksen,12000

2022-08-23 09:00:24,Wilhelm Macksen,12000

2022-08-23 09:01:12,Wilhelm Macksen,12000

2022-08-23 09:11:25,Wilhelm Macksen,12000

2022-08-23 09:21:37,Wilhelm Macksen,12000

2022-08-23 09:31:50,Wilhelm Macksen,12000

2022-08-23 09:42:02,Wilhelm Macksen,12000

2022-08-23 09:52:15,Wilhelm Macksen,12000

2022-08-23 10:02:28,Wilhelm Macksen,12000

2022-08-23 10:12:40,Wilhelm Macksen,12000

2022-08-23 10:22:52,Wilhelm Macksen,12000

2022-08-23 10:33:05,Wilhelm Macksen,12000

2022-08-23 10:43:17,Wilhelm Macksen,12000

2022-08-23 10:53:29,Wilhelm Macksen,12000

2022-08-23 11:03:42,Wilhelm Macksen,12000

2022-08-23 11:13:54,Wilhelm Macksen,12000

2022-08-23 11:24:07,Wilhelm Macksen,12000

2022-08-24 08:41:13,Wilhelm Macksen,12000

2023-12-28 20:03:29,Wilhelm Macksen,12000

2023-12-29 00:07:03,Wilhelm Macksen,12000

